source,gsw,nfw,raw,target,born,icpsr,n_au,n_bills,n_co,nyears,party,sex,state,thomas,senate
Alan Stuart Franken,1,0.04020296643247463,2,Hillary Rodham Clinton,1951,40904,16,258,242,0,DEM,M,MN,01969,111
Amy Jean Klobuchar,1,0.04020296643247463,2,Hillary Rodham Clinton,1960,40700,53,392,339,0,DEM,F,MN,01826,111
Arlen Specter,0.6726567174784728,51.706944444444446,59,Robert P. Casey Jr.,1930,14910,114,420,306,24,DEM,M,PA,01437,111
Arlen Specter,1,0.04020296643247463,2,Hillary Rodham Clinton,1930,14910,114,420,306,24,DEM,M,PA,01437,111
Barbara A. Mikulski,0.3526155548589923,6.1713873428159145,23,Benjamin L. Cardin,1936,14440,14,252,238,18,DEM,F,MD,00802,111
Barbara A. Mikulski,1,0.04020296643247463,2,Hillary Rodham Clinton,1936,14440,14,252,238,18,DEM,F,MD,00802,111
Barbara Boxer,0.5570464734937167,19.41004313920523,39,Dianne Feinstein,1940,15011,57,427,370,12,DEM,F,CA,00116,111
Barbara Boxer,1,0.04020296643247463,2,Hillary Rodham Clinton,1940,15011,57,427,370,12,DEM,F,CA,00116,111
Ben E. Nelson,0.720439199138813,2.0844827586206898,4,Mike Johanns,1941,40103,17,150,133,6,DEM,M,NE,01627,111
Ben E. Nelson,0.4077669902912621,0.01639344262295082,1,Hillary Rodham Clinton,1941,40103,17,150,133,6,DEM,M,NE,01627,111
Benjamin L. Cardin,1,0.04020296643247463,2,Hillary Rodham Clinton,1943,15408,48,406,358,0,DEM,M,MD,00174,111
Benjamin L. Cardin,0.8398283416289926,3.461923611923612,11,Barbara A. Mikulski,1943,15408,48,406,358,0,DEM,M,MD,00174,111
Bernard Sanders,1,0.04020296643247463,2,Hillary Rodham Clinton,1941,29147,26,348,322,0,IND,M,VT,01010,111
Bill Nelson,0.4077669902912621,0.01639344262295082,1,Hillary Rodham Clinton,1942,14651,46,250,204,6,DEM,M,FL,00859,111
Bill Nelson,0.8046647230320699,2.090909090909091,5,Mel Martinez,1942,14651,46,250,204,6,DEM,M,FL,00859,111
Bill Nelson,0.26345587053121505,1,1,Pat Roberts,1942,14651,46,250,204,6,DEM,M,FL,00859,111
Blanche Lambert Lincoln,0.2703997394961439,1.0263568579850875,3,Pat Roberts,1960,29305,68,337,269,6,DEM,F,AR,01570,111
Blanche Lambert Lincoln,0.25263157894736843,1,1,Richard C. Shelby,1960,29305,68,337,269,6,DEM,F,AR,01570,111
Blanche Lambert Lincoln,0.2818057455540356,1.3733333333333333,3,Thad Cochran,1960,29305,68,337,269,6,DEM,F,AR,01570,111
Blanche Lambert Lincoln,0.4077669902912621,0.01639344262295082,1,Hillary Rodham Clinton,1960,29305,68,337,269,6,DEM,F,AR,01570,111
Bob Corker,0.8847560384043234,0.7176554382436735,5,Jim Bunning,1952,40705,8,140,132,0,REP,M,TN,01825,111
Bob Corker,0.9442881260551492,18.644444444444446,21,Lamar Alexander,1952,40705,8,140,132,0,REP,M,TN,01825,111
Byron L. Dorgan,0.4077669902912621,0.01639344262295082,1,Hillary Rodham Clinton,1942,14812,35,203,168,13,DEM,M,ND,00308,111
Carl Levin,0.328079084761412,5.79025974025974,18,Debbie Ann Stabenow,1934,14709,27,264,237,30,DEM,M,MI,01384,111
Carl Levin,1,0.04020296643247463,2,Hillary Rodham Clinton,1934,14709,27,264,237,30,DEM,M,MI,01384,111
Carte P. Goodwin,NA,NA,NA,NA,1974,40914,0,7,7,0,DEM,M,WV,01980,111
Charles E. Grassley,0.4077669902912621,0.01639344262295082,1,Hillary Rodham Clinton,1933,14226,24,208,184,24,REP,M,IA,00457,111
Charles E. Grassley,0.4313018521571947,1,1,Edward M. Kennedy,1933,14226,24,208,184,24,REP,M,IA,00457,111
Charles E. Schumer,0.32154291887964714,6.561145287461077,20,Kirsten E. Gillibrand,1950,14858,114,527,413,6,DEM,M,NY,01036,111
Charles E. Schumer,1,0.04020296643247463,2,Hillary Rodham Clinton,1950,14858,114,527,413,6,DEM,M,NY,01036,111
Chris Andrew Coons,NA,NA,NA,NA,1963,40916,0,14,14,0,DEM,M,DE,01984,111
Christopher J. Dodd,1,0.04020296643247463,2,Hillary Rodham Clinton,1944,14213,69,363,294,24,DEM,M,CT,00302,111
Christopher J. Dodd,0.515338876264282,15.572637874068871,22,Joseph I. Lieberman,1944,14213,69,363,294,24,DEM,M,CT,00302,111
Christopher S. Bond,0.28548691932756387,3.4166666666666665,5,Claire McCaskill,1939,15501,11,176,165,18,REP,M,MO,01286,111
Claire McCaskill,0.39634146341463417,1.8055555555555556,6,Christopher S. Bond,1953,40701,20,196,176,0,DEM,F,MO,01820,111
Claire McCaskill,0.5922330097087378,0.023809523809523808,1,Hillary Rodham Clinton,1953,40701,20,196,176,0,DEM,F,MO,01820,111
Claire McCaskill,0.4798312681254943,1.2037037037037037,3,Thomas A. Coburn,1953,40701,20,196,176,0,DEM,F,MO,01820,111
Daniel K. Inouye,0.3048780487804878,1.3888888888888888,3,Christopher S. Bond,1924,4812,32,224,192,42,DEM,M,HI,01369,111
Daniel K. Inouye,1,0.04020296643247463,2,Hillary Rodham Clinton,1924,4812,32,224,192,42,DEM,M,HI,01369,111
Daniel Kahikina Akaka,0.4673730072284384,9.535353535353535,13,Daniel K. Inouye,1924,14400,42,231,189,17,DEM,M,HI,00007,111
Daniel Kahikina Akaka,1,0.04020296643247463,2,Hillary Rodham Clinton,1924,14400,42,231,189,17,DEM,M,HI,00007,111
David Vitter,0.40111191356056203,2.0902126099706746,11,Jim W. DeMint,1961,29918,38,278,240,0,REP,M,LA,01609,111
David Vitter,0.32033195020746885,1.5317460317460316,8,Roger F. Wicker,1961,29918,38,278,240,0,REP,M,LA,01609,111
David Vitter,0.25296023788873157,6.508669108669109,15,Mary L. Landrieu,1961,29918,38,278,240,0,REP,M,LA,01609,111
David Vitter,0.4077669902912621,0.01639344262295082,1,Hillary Rodham Clinton,1961,29918,38,278,240,0,REP,M,LA,01609,111
Debbie Ann Stabenow,1,0.04020296643247463,2,Hillary Rodham Clinton,1950,29732,46,410,364,6,DEM,F,MI,01531,111
Debbie Ann Stabenow,0.5227847227018441,7.509325396825397,15,Carl Levin,1950,29732,46,410,364,6,DEM,F,MI,01531,111
Debbie Ann Stabenow,0.2641509433962264,0.5,1,Scott Brown,1950,29732,46,410,364,6,DEM,F,MI,01531,111
Dianne Feinstein,0.2641509433962264,0.5,1,Scott Brown,1933,49300,67,355,288,15,DEM,F,CA,01332,111
Dianne Feinstein,1,0.04020296643247463,2,Hillary Rodham Clinton,1933,49300,67,355,288,15,DEM,F,CA,01332,111
Dianne Feinstein,0.5832537169500248,16.133278355966713,27,Barbara Boxer,1933,49300,67,355,288,15,DEM,F,CA,01332,111
Edward E. Kaufman,0.5922330097087378,0.023809523809523808,1,Hillary Rodham Clinton,1939,40901,16,206,190,0,DEM,M,DE,01964,111
Edward M. Kennedy,1,0.04020296643247463,2,Hillary Rodham Clinton,1932,10808,14,161,147,45,DEM,M,MA,01377,111
Evan Bayh,NA,NA,NA,NA,1955,49901,19,226,207,6,DEM,M,IN,01572,111
Frank R. Lautenberg,1,0.04020296643247463,2,Hillary Rodham Clinton,1924,14914,49,366,317,27,DEM,M,NJ,01381,111
George S. LeMieux,NA,NA,NA,NA,1969,40911,6,131,125,0,REP,M,FL,01971,111
George V. Voinovich,0.26833484847395994,0.21765543824367353,4,Jim Bunning,1936,49903,47,251,204,6,REP,M,OH,01575,111
George V. Voinovich,0.7229587833210112,46,46,Sherrod Brown,1936,49903,47,251,204,6,REP,M,OH,01575,111
Harry M. Reid,0.9207220131355113,3.01010101010101,4,Mitch McConnell,1939,15054,87,201,114,18,DEM,M,NV,00952,111
Harry M. Reid,0.26813036802764745,3.2,4,John Eric Ensign,1939,15054,87,201,114,18,DEM,M,NV,00952,111
Harry M. Reid,0.5922330097087378,0.023809523809523808,1,Hillary Rodham Clinton,1939,15054,87,201,114,18,DEM,M,NV,00952,111
Herbert H. Kohl,NA,NA,NA,NA,1935,15703,41,173,132,18,DEM,M,WI,01380,111
Hillary Rodham Clinton,NA,NA,NA,NA,1947,40105,2,19,17,6,DEM,F,NY,01631,111
James M. Inhofe,0.26038520700069406,1.3568792766373412,11,Jim W. DeMint,1934,15424,23,222,199,15,REP,M,OK,00583,111
James Risch,0.47430489687968386,5.563833826991722,16,Michael D. Crapo,1943,40902,4,205,201,0,REP,M,ID,01896,111
James Risch,0.2696582814274407,1.5547619047619048,5,Orrin G. Hatch,1943,40902,4,205,201,0,REP,M,ID,01896,111
Jeanne Shaheen,0.2509101092131056,1.6,3,Tom S. Udall,1947,40906,24,276,252,0,DEM,F,NH,01901,111
Jeanne Shaheen,0.7638441254028714,3.0384615384615383,4,Judd A. Gregg,1947,40906,24,276,252,0,DEM,F,NH,01901,111
Jeanne Shaheen,0.5922330097087378,0.023809523809523808,1,Hillary Rodham Clinton,1947,40906,24,276,252,0,DEM,F,NH,01901,111
Jeff Bingaman,0.6190609539811445,3.947619047619048,8,Tom S. Udall,1943,14912,76,319,243,24,DEM,M,NM,01285,111
Jeff Bingaman,1,0.04020296643247463,2,Hillary Rodham Clinton,1943,14912,76,319,243,24,DEM,M,NM,01285,111
Jeff Merkley,0.4804711556454534,16.623809523809523,27,Ron Wyden,1956,40908,20,344,324,0,DEM,M,OR,01900,111
Jeff Merkley,1,0.04020296643247463,2,Hillary Rodham Clinton,1956,40908,20,344,324,0,DEM,M,OR,01900,111
Jefferson B. Sessions,0.5894736842105264,2.3333333333333335,3,Richard C. Shelby,1946,49700,7,133,126,12,REP,M,AL,01548,111
Jim Bunning,NA,NA,NA,NA,1931,15406,7,117,110,6,REP,M,KY,00146,111
Jim W. DeMint,0.3413838781951691,2.179887218045113,5,Lindsey O. Graham,1951,29936,18,110,92,0,REP,M,SC,01605,111
Jim W. DeMint,0.3303453730556288,0.8287037037037037,4,Thomas A. Coburn,1951,29936,18,110,92,0,REP,M,SC,01605,111
Jim Webb,0.40495867768595045,1.8666666666666667,4,Mark Warner,1946,40706,19,124,105,0,DEM,M,VA,01822,111
Joe Manchin III,NA,NA,NA,NA,1947,40915,0,1,1,0,DEM,M,WV,01983,111
John A. Barrasso,0.8255967585660178,2.366919191919192,7,Michael B. Enzi,1952,40707,9,140,131,0,REP,M,WY,01881,111
John Cornyn,0.5556637118558332,6.2527383727383725,15,Kay Bailey Hutchison,1952,40305,26,219,193,7,REP,M,TX,01692,111
John Cornyn,0.4962686567164179,2.111111111111111,3,Jon Kyl,1952,40305,26,219,193,7,REP,M,TX,01692,111
John D. Rockefeller IV,0.39412484700122397,1.301010101010101,4,Robert C. Byrd,1937,14922,60,201,141,24,DEM,M,WV,01424,111
John Eric Ensign,NA,NA,NA,NA,1958,29537,27,204,177,6,REP,M,NV,00348,111
John F. Reed,0.4858680434021701,8.813492063492063,14,Sheldon Whitehouse,1949,29142,36,206,170,12,DEM,M,RI,00949,111
John F. Reed,1,0.04020296643247463,2,Hillary Rodham Clinton,1949,29142,36,206,170,12,DEM,M,RI,00949,111
John Forbes Kerry,1,0.04020296643247463,2,Hillary Rodham Clinton,1943,14920,97,516,419,24,DEM,M,MA,01379,111
John Forbes Kerry,0.3676695154061833,0.8524644945697577,8,Edward M. Kennedy,1943,14920,97,516,419,24,DEM,M,MA,01379,111
John Forbes Kerry,0.5067551185416762,4.608109945609946,13,Richard G. Lugar,1943,14920,97,516,419,24,DEM,M,MA,01379,111
John H. Isakson,0.4077669902912621,0.01639344262295082,1,Hillary Rodham Clinton,1944,29909,17,277,260,0,REP,M,GA,01608,111
John H. Isakson,0.7254970966039064,3.964423076923077,9,Saxby Chambliss,1944,29909,17,277,260,0,REP,M,GA,01608,111
John H. Isakson,0.3526170798898072,1.0666666666666667,2,George S. LeMieux,1944,29909,17,277,260,0,REP,M,GA,01608,111
John S. McCain,0.4701492537313433,2,2,Jon Kyl,1936,15039,23,158,135,18,REP,M,AZ,00754,111
John Thune,0.3451094120748747,0.8657407407407407,6,Thomas A. Coburn,1961,29754,18,199,181,0,REP,M,SD,01534,111
John Thune,0.3755721236839874,3.477777777777778,6,Tim P. Johnson,1961,29754,18,199,181,0,REP,M,SD,01534,111
Jon Kyl,0.5628202658447312,7.904761904761905,11,John S. McCain,1942,15429,6,119,113,12,REP,M,AZ,00655,111
Jon Tester,0.6011838922970344,12.020049847896148,24,Max S. Baucus,1956,40702,21,246,225,0,DEM,M,MT,01829,111
Joseph I. Lieberman,0.4077669902912621,0.01639344262295082,1,Hillary Rodham Clinton,1942,15704,48,371,323,18,IND,M,CT,01385,111
Joseph I. Lieberman,0.4013433192855926,11.862232126052001,24,Christopher J. Dodd,1942,15704,48,371,323,18,IND,M,CT,01385,111
Joseph R. Biden Jr.,NA,NA,NA,NA,1942,14101,0,1,1,36,DEM,M,DE,01284,111
Judd A. Gregg,NA,NA,NA,NA,1947,14826,9,111,102,12,REP,M,NH,00466,111
Kay Bailey Hutchison,0.5345873341286663,7.272268907563025,15,John Cornyn,1943,49306,20,191,171,14,REP,F,TX,01368,111
Kay Hagan,0.4077669902912621,0.01639344262295082,1,Hillary Rodham Clinton,1953,40907,19,188,169,0,DEM,F,NC,01902,111
Kay Hagan,0.4211773509603392,10.233333333333333,13,Richard M. Burr,1953,40907,19,188,169,0,DEM,F,NC,01902,111
Ken Salazar,NA,NA,NA,NA,1955,40500,6,11,5,0,DEM,M,CO,01762,111
Kent Kent Conrad,0.4077669902912621,0.01639344262295082,1,Hillary Rodham Clinton,1948,15502,15,136,121,20,DEM,M,ND,01307,111
Kirsten E. Gillibrand,0.33771655539592665,1.5346390168970814,6,Alan Stuart Franken,1966,20735,43,492,449,0,DEM,F,NY,01866,111
Kirsten E. Gillibrand,1,0.04020296643247463,2,Hillary Rodham Clinton,1966,20735,43,492,449,0,DEM,F,NY,01866,111
Kirsten E. Gillibrand,0.35304722176420805,0.8185618030583706,12,Edward M. Kennedy,1966,20735,43,492,449,0,DEM,F,NY,01866,111
Kirsten E. Gillibrand,0.5555859817696722,36.3010236625879,66,Charles E. Schumer,1966,20735,43,492,449,0,DEM,F,NY,01866,111
Kirsten E. Gillibrand,0.3059975520195839,1.0101010101010102,2,Robert C. Byrd,1966,20735,43,492,449,0,DEM,F,NY,01866,111
Lamar Alexander,0.8183856502242153,3.4761904761904763,5,Bob Corker,1940,40304,25,178,153,6,REP,M,TN,01695,111
Lamar Alexander,0.4077669902912621,0.01639344262295082,1,Hillary Rodham Clinton,1940,40304,25,178,153,6,REP,M,TN,01695,111
Lamar Alexander,0.8847560384043234,0.7176554382436735,5,Jim Bunning,1940,40304,25,178,153,6,REP,M,TN,01695,111
Lindsey O. Graham,0.2691806261606858,1.4027126099706744,7,Jim W. DeMint,1955,29566,14,172,158,6,REP,M,SC,00452,111
Lindsey O. Graham,0.4077669902912621,0.01639344262295082,1,Hillary Rodham Clinton,1955,29566,14,172,158,6,REP,M,SC,00452,111
Lisa A. Murkowski,0.4077669902912621,0.01639344262295082,1,Hillary Rodham Clinton,1957,40300,36,226,190,2,REP,F,AK,01694,111
Lisa A. Murkowski,0.6144578313253012,4.25,7,Mark Begich,1957,40300,36,226,190,2,REP,F,AK,01694,111
Maria Cantwell,1,0.04020296643247463,2,Hillary Rodham Clinton,1958,39310,37,262,225,6,DEM,F,WA,00172,111
Maria Cantwell,0.5423143555545008,14.193478260869565,19,Patty Murray,1958,39310,37,262,225,6,DEM,F,WA,00172,111
Mark Begich,0.7540090109908301,14.41003996003996,25,Lisa A. Murkowski,1962,40900,14,395,381,0,DEM,M,AK,01898,111
Mark Begich,0.30552763917157616,2.0854545454545454,4,John Thune,1962,40900,14,395,381,0,DEM,M,AK,01898,111
Mark Begich,1,0.04020296643247463,2,Hillary Rodham Clinton,1962,40900,14,395,381,0,DEM,M,AK,01898,111
Mark E. Udall,0.4077669902912621,0.01639344262295082,1,Hillary Rodham Clinton,1950,29906,35,227,192,0,DEM,M,CO,01595,111
Mark E. Udall,0.5279359650205399,5.9412698412698415,11,Michael F. Bennet,1950,29906,35,227,192,0,DEM,M,CO,01595,111
Mark E. Udall,1,3,6,Ken Salazar,1950,29906,35,227,192,0,DEM,M,CO,01595,111
Mark Pryor,0.4077669902912621,0.01639344262295082,1,Hillary Rodham Clinton,1963,40301,15,162,147,6,DEM,M,AR,01701,111
Mark Steven Kirk,NA,NA,NA,NA,1959,20115,0,3,3,0,REP,M,IL,01647,111
Mark Warner,0.5283018867924528,1,1,Scott Brown,1954,40909,10,139,129,0,DEM,M,VA,01897,111
Mark Warner,0.7415072001344386,6.6250531331413685,14,Jim Webb,1954,40909,10,139,129,0,DEM,M,VA,01897,111
Mary L. Landrieu,1,0.04020296643247463,2,Hillary Rodham Clinton,1955,49702,53,343,290,12,DEM,F,LA,01546,111
Max S. Baucus,0.5382878928490807,6.9678571428571425,11,Jon Tester,1941,14203,44,166,122,31,DEM,M,MT,00066,111
Mel Martinez,0.31829044867315576,8.656472807702317,16,Bill Nelson,1946,40501,9,112,103,0,REP,M,FL,01769,111
Michael B. Enzi,0.5963302752293578,3.25,6,John A. Barrasso,1944,49706,9,166,157,12,REP,M,WY,01542,111
Michael D. Crapo,1,4,4,James Risch,1951,29345,24,272,248,6,REP,M,ID,00250,111
Michael F. Bennet,1,0.04020296643247463,2,Hillary Rodham Clinton,1964,40910,19,242,223,0,DEM,M,CO,01965,111
Michael F. Bennet,0.8221495783686306,13.612842712842713,24,Mark E. Udall,1964,40910,19,242,223,0,DEM,M,CO,01965,111
Michael F. Bennet,1,3,6,Ken Salazar,1964,40910,19,242,223,0,DEM,M,CO,01965,111
Mike Johanns,0.4077669902912621,0.01639344262295082,1,Hillary Rodham Clinton,1950,40905,12,197,185,0,REP,M,NE,01899,111
Mike Johanns,0.42396888564404284,2.628506352035764,10,Ben E. Nelson,1950,40905,12,197,185,0,REP,M,NE,01899,111
Mitch McConnell,0.6290797569123641,29.944070661691732,40,Harry M. Reid,1942,14921,10,88,78,24,REP,M,KY,01395,111
Olympia J. Snowe,0.4077669902912621,0.01639344262295082,1,Hillary Rodham Clinton,1947,14661,66,389,323,12,REP,F,ME,01085,111
Olympia J. Snowe,0.31480609475569754,6.367084942084942,13,Susan M. Collins,1947,14661,66,389,323,12,REP,F,ME,01085,111
Orrin G. Hatch,0.4077669902912621,0.01639344262295082,1,Hillary Rodham Clinton,1934,14503,16,207,191,30,REP,M,UT,01351,111
Orrin G. Hatch,0.8638297872340427,8.458333333333334,10,Robert F. Bennett,1934,14503,16,207,191,30,REP,M,UT,01351,111
Pat Roberts,0.4077669902912621,0.01639344262295082,1,Hillary Rodham Clinton,1936,14852,9,193,184,12,REP,M,KS,00968,111
Pat Roberts,0.5214708212932648,6.792307692307692,12,Samuel D. Brownback,1936,14852,9,193,184,12,REP,M,KS,00968,111
Patrick J. Leahy,0.4793668281299017,5.217516233766234,16,Bernard Sanders,1940,14307,60,358,298,30,DEM,M,VT,01383,111
Patrick J. Leahy,0.5922330097087378,0.023809523809523808,1,Hillary Rodham Clinton,1940,14307,60,358,298,30,DEM,M,VT,01383,111
Patty Murray,1,0.04020296643247463,2,Hillary Rodham Clinton,1950,49308,47,361,314,12,DEM,F,WA,01409,111
Patty Murray,0.4003400040000471,7.3654761904761905,16,Maria Cantwell,1950,49308,47,361,314,12,DEM,F,WA,01409,111
Paul G. Kirk Jr.,0.5922330097087378,0.023809523809523808,1,Hillary Rodham Clinton,1938,40912,0,56,56,0,DEM,M,MA,01972,111
Paul G. Kirk Jr.,0.2825450214117418,13.766837169650469,23,John Forbes Kerry,1938,40912,0,56,56,0,DEM,M,MA,01972,111
Richard C. Shelby,0.8866877971473851,3.0741758241758244,5,Jefferson B. Sessions,1934,14659,6,60,54,18,REP,M,AL,01049,111
Richard G. Lugar,0.2922367939605116,14.239062990149947,27,John Forbes Kerry,1932,14506,24,197,173,30,REP,M,IN,01387,111
Richard G. Lugar,0.4077669902912621,0.01639344262295082,1,Hillary Rodham Clinton,1932,14506,24,197,173,30,REP,M,IN,01387,111
Richard G. Lugar,0.3381086108588104,2.2266233766233765,8,Evan Bayh,1932,14506,24,197,173,30,REP,M,IN,01387,111
Richard J. Durbin,1,0.04020296643247463,2,Hillary Rodham Clinton,1944,15021,58,471,413,12,DEM,M,IL,00326,111
Richard J. Durbin,0.7646546088472435,4.873611111111111,8,Roland Burris,1944,15021,58,471,413,12,DEM,M,IL,00326,111
Richard M. Burr,0.4077669902912621,0.01639344262295082,1,Hillary Rodham Clinton,1955,29548,40,295,255,0,REP,M,NC,00153,111
Richard M. Burr,0.47775947281713343,6.444444444444445,8,Kay Hagan,1955,29548,40,295,255,0,REP,M,NC,00153,111
Richard M. Burr,0.3023991563406275,0.7585978835978836,6,Thomas A. Coburn,1955,29548,40,295,255,0,REP,M,NC,00153,111
Richard M. Burr,0.3059975520195839,1.0101010101010102,2,Robert C. Byrd,1955,29548,40,295,255,0,REP,M,NC,00153,111
Robert C. Byrd,NA,NA,NA,NA,1917,1366,6,103,97,48,DEM,M,WV,01299,111
Robert F. Bennett,0.4077669902912621,0.01639344262295082,1,Hillary Rodham Clinton,1933,49307,13,176,163,12,REP,M,UT,01280,111
Robert Menéndez,0.5108748697303618,9.836637382225618,27,Frank R. Lautenberg,1954,29373,57,433,376,1,DEM,M,NJ,00791,111
Robert Menéndez,1,0.04020296643247463,2,Hillary Rodham Clinton,1954,29373,57,433,376,1,DEM,M,NJ,00791,111
Robert P. Casey Jr.,0.8659454195391297,78.9179312993273,87,Arlen Specter,1960,40703,102,561,459,0,DEM,M,PA,01828,111
Robert P. Casey Jr.,1,0.04020296643247463,2,Hillary Rodham Clinton,1960,40703,102,561,459,0,DEM,M,PA,01828,111
Roger F. Wicker,0.7948016415868674,3.8733333333333335,6,Thad Cochran,1951,29534,12,210,198,0,REP,M,MS,01226,111
Roger F. Wicker,0.4338842975206612,2,2,Mark Warner,1951,29534,12,210,198,0,REP,M,MS,01226,111
Roland Burris,0.5922330097087378,0.023809523809523808,1,Hillary Rodham Clinton,1937,40903,12,313,301,0,DEM,M,IL,01963,111
Ron Wyden,1,0.04020296643247463,2,Hillary Rodham Clinton,1949,14871,61,306,245,9,DEM,M,OR,01247,111
Ron Wyden,0.41088865408438385,2.753907203907204,7,Jeff Merkley,1949,14871,61,306,245,9,DEM,M,OR,01247,111
Russell D. Feingold,0.5922330097087378,0.023809523809523808,1,Hillary Rodham Clinton,1953,49309,65,332,267,12,DEM,M,WI,01331,111
Samuel D. Brownback,0.3852696354271648,1.4623687627469923,6,Pat Roberts,1956,29523,29,253,224,9,REP,M,KS,00137,111
Saxby Chambliss,0.8908504568569893,8.161742424242425,16,John H. Isakson,1943,29512,11,234,223,6,REP,M,GA,00188,111
Saxby Chambliss,0.4077669902912621,0.01639344262295082,1,Hillary Rodham Clinton,1943,29512,11,234,223,6,REP,M,GA,00188,111
Saxby Chambliss,0.3953260176296466,2.524331662489557,8,Lindsey O. Graham,1943,29512,11,234,223,6,REP,M,GA,00188,111
Scott Brown,NA,NA,NA,NA,1959,40913,4,55,51,0,REP,M,MA,01975,111
Sheldon Whitehouse,1,0.04020296643247463,2,Hillary Rodham Clinton,1955,40704,41,420,379,0,DEM,M,RI,01823,111
Sheldon Whitehouse,0.5859635659031637,10.42564835685545,25,John F. Reed,1955,40704,41,420,379,0,DEM,M,RI,01823,111
Sherrod Brown,1,0.04020296643247463,2,Hillary Rodham Clinton,1952,29389,88,548,460,0,DEM,M,OH,00136,111
Sherrod Brown,0.8830550293127922,30.989583333333332,34,George V. Voinovich,1952,29389,88,548,460,0,DEM,M,OH,00136,111
Sherrod Brown,0.3085478243194181,0.7153871998837673,10,Edward M. Kennedy,1952,29389,88,548,460,0,DEM,M,OH,00136,111
Susan M. Collins,0.3051136543098093,1.5333333333333332,3,Edward E. Kaufman,1952,49703,41,393,352,12,REP,F,ME,01541,111
Susan M. Collins,0.4077669902912621,0.01639344262295082,1,Hillary Rodham Clinton,1952,49703,41,393,352,12,REP,F,ME,01541,111
Thad Cochran,0.4077669902912621,0.01639344262295082,1,Hillary Rodham Clinton,1937,14009,7,243,236,30,REP,M,MS,00213,111
Thad Cochran,0.7400829875518672,3.5388888888888888,9,Roger F. Wicker,1937,14009,7,243,236,30,REP,M,MS,00213,111
Thomas A. Coburn,0.7168069763648661,8.099713386029176,17,James M. Inhofe,1948,29555,9,171,162,0,REP,M,OK,00212,111
Thomas A. Coburn,0.2643831248006903,1.3777126099706745,13,Jim W. DeMint,1948,29555,9,171,162,0,REP,M,OK,00212,111
Thomas A. Coburn,0.3526170798898072,1.0666666666666667,2,George S. LeMieux,1948,29555,9,171,162,0,REP,M,OK,00212,111
Thomas Harkin,1,0.04020296643247463,2,Hillary Rodham Clinton,1939,14230,42,253,211,24,DEM,M,IA,00501,111
Thomas Richard Carper,0.4077669902912621,0.01639344262295082,1,Hillary Rodham Clinton,1947,15015,27,166,139,6,DEM,M,DE,00179,111
Tim P. Johnson,0.4077669902912621,0.01639344262295082,1,Hillary Rodham Clinton,1946,15425,17,277,260,12,DEM,M,SD,00604,111
Tom S. Udall,0.32066588400404356,11.628141923436042,25,Jeff Bingaman,1948,29924,15,215,200,0,DEM,M,NM,01567,111
Tom S. Udall,1,0.04020296643247463,2,Hillary Rodham Clinton,1948,29924,15,215,200,0,DEM,M,NM,01567,111
Alan Stuart Franken,NA,NA,NA,NA,1951,40904,30,358,328,0,DEM,M,MN,01969,112
Amy Jean Klobuchar,0.27118871242822584,3.0949392712550607,8,Alan Stuart Franken,1960,40700,61,391,330,0,DEM,F,MN,01826,112
Barbara A. Mikulski,0.3156959899584699,7.781139122315593,18,Benjamin L. Cardin,1936,14440,20,317,297,24,DEM,F,MD,00802,112
Barbara Boxer,0.5683778188434162,12.11075748082327,26,Dianne Feinstein,1940,15011,50,372,322,18,DEM,F,CA,00116,112
Ben E. Nelson,0.6339653855702342,4.213858363858364,8,Mike Johanns,1941,40103,12,135,123,6,DEM,M,NE,01627,112
Benjamin L. Cardin,0.320481047661284,1.1079545454545454,3,Jefferson B. Sessions,1943,15408,49,365,316,0,DEM,M,MD,00174,112
Bernard Sanders,0.26790755601188815,6.415254764392696,18,Kirsten E. Gillibrand,1941,29147,20,317,297,0,IND,M,VT,01010,112
Bernard Sanders,0.26798230079863783,1.879123654123654,11,Thomas Harkin,1941,29147,20,317,297,0,IND,M,VT,01010,112
Bill Nelson,0.792692245537035,5.676028138528139,13,Marco Rubio,1942,14651,34,248,214,6,DEM,M,FL,00859,112
Bob Corker,0.42946541393170257,1.2436868686868687,4,Lamar Alexander,1952,40705,6,142,136,0,REP,M,TN,01825,112
Bob Corker,0.2774108322324967,0.5,1,Ron Johnson,1952,40705,6,142,136,0,REP,M,TN,01825,112
Carl Levin,NA,NA,NA,NA,1934,14709,18,199,181,30,DEM,M,MI,01384,112
Charles E. Grassley,NA,NA,NA,NA,1933,14226,27,269,242,30,REP,M,IA,00457,112
Charles E. Schumer,0.38694186612504045,9.265623885918004,28,Kirsten E. Gillibrand,1950,14858,67,391,324,12,DEM,M,NY,01036,112
Chris Andrew Coons,0.8053888708811937,19.027027027027028,24,Thomas Richard Carper,1963,40916,22,335,313,0,DEM,M,DE,01984,112
Claire McCaskill,0.4964829622928324,3.092857142857143,6,Roy Blunt,1953,40701,17,221,204,0,DEM,F,MO,01820,112
Daniel K. Inouye,0.5661902176143405,6.486199400015189,18,Daniel Kahikina Akaka,1924,4812,26,212,186,48,DEM,M,HI,01369,112
Daniel Kahikina Akaka,0.3256578525370022,5.424145299145299,9,Daniel K. Inouye,1924,14400,33,304,271,17,DEM,M,HI,00007,112
Daniel Ray Coats,NA,NA,NA,NA,1943,14806,4,167,163,22,REP,M,IN,00209,112
David Vitter,0.39252336448598135,1,1,Daniel Ray Coats,1961,29918,42,262,220,6,REP,M,LA,01609,112
Dean Heller,NA,NA,NA,NA,1960,20730,14,211,197,0,REP,M,NV,01863,112
Debbie Ann Stabenow,0.4065114606295672,3.6367716238405894,10,Carl Levin,1950,29732,34,288,254,6,DEM,F,MI,01531,112
Dianne Feinstein,0.5364509315496839,13.033461859777649,25,Barbara Boxer,1933,49300,48,346,298,15,DEM,F,CA,01332,112
Dianne Feinstein,0.28391167192429023,1,1,Jon Kyl,1933,49300,48,346,298,15,DEM,F,CA,01332,112
Frank R. Lautenberg,0.270914848234299,6.008386577992087,39,Robert Menéndez,1924,14914,52,343,291,27,DEM,M,NJ,01381,112
Harry M. Reid,NA,NA,NA,NA,1939,15054,59,167,108,24,DEM,M,NV,00952,112
Herbert H. Kohl,0.5548216644649934,1,1,Ron Johnson,1935,15703,35,174,139,18,DEM,M,WI,01380,112
James M. Inhofe,0.26569666297643524,2,2,Ben E. Nelson,1934,15424,23,294,271,15,REP,M,OK,00583,112
James Risch,0.5755154517944778,6.620815295815296,15,Michael D. Crapo,1943,40902,3,263,260,0,REP,M,ID,01896,112
Jeanne Shaheen,NA,NA,NA,NA,1947,40906,18,248,230,0,DEM,F,NH,01901,112
Jeff Bingaman,0.6268317024490111,5.9754901960784315,12,Tom S. Udall,1943,14912,46,217,171,24,DEM,M,NM,01285,112
Jeff Merkley,0.6713441671659398,21.1010101010101,34,Ron Wyden,1956,40908,34,336,302,0,DEM,M,OR,01900,112
Jefferson B. Sessions,0.7340457286132172,1.242020202020202,4,Richard C. Shelby,1946,49700,9,204,195,12,REP,M,AL,01548,112
Jerry Moran,0.5846999000204259,3.863895993179881,8,Pat Roberts,1954,29722,19,253,234,0,REP,M,KS,01507,112
Jim W. DeMint,0.4653453301423989,3.771586678844743,11,Rand Paul,1951,29936,29,159,130,6,REP,M,SC,01605,112
Jim W. DeMint,0.28614160670689354,1.4914094747639453,7,Lindsey O. Graham,1951,29936,29,159,130,6,REP,M,SC,01605,112
Jim W. DeMint,0.29478561282966836,2.124876575330296,9,Mike Lee,1951,29936,29,159,130,6,REP,M,SC,01605,112
Jim Webb,0.3987763256472155,3.5095238095238095,7,Mark Warner,1946,40706,25,146,121,0,DEM,M,VA,01822,112
Joe Manchin III,NA,NA,NA,NA,1947,40915,10,148,138,0,DEM,M,WV,01983,112
John A. Barrasso,0.7076805701848553,5.492524716662648,15,Michael B. Enzi,1952,40707,18,256,238,0,REP,M,WY,01881,112
John Boozman,0.3130779392338177,0.5642857142857143,3,Ron Johnson,1950,20101,7,300,293,0,REP,M,AR,01687,112
John Cornyn,0.25496096454989575,0.6924191005073358,5,John A. Barrasso,1952,40305,22,275,253,7,REP,M,TX,01692,112
John Cornyn,0.58517664776727,10.867629722454284,19,Kay Bailey Hutchison,1952,40305,22,275,253,7,REP,M,TX,01692,112
John D. Rockefeller IV,NA,NA,NA,NA,1937,14922,44,220,176,24,DEM,M,WV,01424,112
John Eric Ensign,NA,NA,NA,NA,1958,29537,13,65,52,6,REP,M,NV,00348,112
John F. Reed,0.7272727272727273,1,1,Saxby Chambliss,1949,29142,33,203,170,12,DEM,M,RI,00949,112
John Forbes Kerry,0.25386199794026776,3.625,5,Scott Brown,1943,14920,72,374,302,24,DEM,M,MA,01379,112
John H. Isakson,0.3013582342954159,1.2678571428571428,3,John Eric Ensign,1944,29909,14,296,282,6,REP,M,GA,01608,112
John Hoeven,0.427074574675461,2.812094338410128,7,Kent Kent Conrad,1957,41107,14,207,193,0,REP,M,ND,02079,112
John Hoeven,0.3753717605028478,1.0194289044289044,7,John A. Barrasso,1957,41107,14,207,193,0,REP,M,ND,02079,112
John S. McCain,0.6277602523659307,2.2111111111111112,4,Jon Kyl,1936,15039,27,208,181,24,REP,M,AZ,00754,112
John Thune,0.31555633715023224,2.0434343434343436,4,Tim P. Johnson,1961,29754,22,257,235,6,REP,M,SD,01534,112
John Thune,0.33851805667595986,0.9193421774304128,9,John A. Barrasso,1961,29754,22,257,235,6,REP,M,SD,01534,112
Jon Kyl,0.4581466588445872,5.91010101010101,9,John S. McCain,1942,15429,7,170,163,12,REP,M,AZ,00655,112
Jon Tester,0.664170079203334,11.621077016665252,21,Max S. Baucus,1956,40702,46,320,274,0,DEM,M,MT,01829,112
Joseph I. Lieberman,NA,NA,NA,NA,1942,15704,47,307,260,18,IND,M,CT,01385,112
Kay Bailey Hutchison,0.44560111717659007,3,3,Dean Heller,1943,49306,32,290,258,14,REP,F,TX,01368,112
Kay Bailey Hutchison,0.5504288494721004,6.377631578947368,12,John Cornyn,1943,49306,32,290,258,14,REP,F,TX,01368,112
Kay Hagan,0.3185079860958435,4.024242424242424,9,Richard M. Burr,1953,40907,23,207,184,0,DEM,F,NC,01902,112
Kelly Ayotte,0.39252336448598135,1,1,Daniel Ray Coats,1968,41106,11,219,208,0,REP,F,NH,02075,112
Kelly Ayotte,0.3136204247271581,2.01010101010101,3,Jeanne Shaheen,1968,41106,11,219,208,0,REP,F,NH,02075,112
Kent Kent Conrad,0.7761054624151081,2.818629076838032,9,John Hoeven,1948,15502,17,142,125,20,DEM,M,ND,01307,112
Kirsten E. Gillibrand,0.28803299407969135,1.562049062049062,7,Bernard Sanders,1966,20735,56,458,402,0,DEM,F,NY,01866,112
Kirsten E. Gillibrand,0.44414378055837583,12.749530493237588,32,Charles E. Schumer,1966,20735,56,458,402,0,DEM,F,NY,01866,112
Lamar Alexander,0.28754813863928114,1.0666666666666667,2,Bob Corker,1940,40304,10,203,193,6,REP,M,TN,01695,112
Lindsey O. Graham,0.42354578487394084,3.6174437464240268,18,Jim W. DeMint,1955,29566,18,217,199,6,REP,M,SC,00452,112
Lisa A. Murkowski,0.7741207098835035,17.12013888888889,27,Mark Begich,1957,40300,47,317,270,8,REP,F,AK,01694,112
Marco Rubio,0.35478371373302797,4.721316591904827,15,Bill Nelson,1971,41102,24,301,277,0,REP,M,FL,02084,112
Marco Rubio,0.3132830393783984,2.258209908663629,9,Mike Lee,1971,41102,24,301,277,0,REP,M,FL,02084,112
Maria Cantwell,0.5256951476428853,9.928556910569105,16,Patty Murray,1958,39310,19,197,178,6,DEM,F,WA,00172,112
Mark Begich,0.41171677011917523,7.185105635105635,25,Jon Tester,1962,40900,41,473,432,0,DEM,M,AK,01898,112
Mark Begich,0.3,1,3,John Boozman,1962,40900,41,473,432,0,DEM,M,AK,01898,112
Mark Begich,0.3196168429455199,1.7333333333333334,5,Bernard Sanders,1962,40900,41,473,432,0,DEM,M,AK,01898,112
Mark Begich,0.8931157807526691,25.903346067641397,40,Lisa A. Murkowski,1962,40900,41,473,432,0,DEM,M,AK,01898,112
Mark E. Udall,0.49473280980655054,6.15,9,Michael F. Bennet,1950,29906,33,212,179,0,DEM,M,CO,01595,112
Mark Pryor,0.6749999999999999,2.25,3,John Boozman,1963,40301,32,182,150,6,DEM,M,AR,01701,112
Mark Pryor,0.3453163531308715,1,1,Lamar Alexander,1963,40301,32,182,150,6,DEM,M,AR,01701,112
Mark Pryor,0.4370267939046263,2.6666666666666665,4,Roger F. Wicker,1963,40301,32,182,150,6,DEM,M,AR,01701,112
Mark Steven Kirk,0.25,1.5833333333333333,3,Joe Manchin III,1959,20115,13,214,201,1,REP,M,IL,01647,112
Mark Steven Kirk,0.34448798618017956,3.1395282714361663,11,Richard J. Durbin,1959,20115,13,214,201,1,REP,M,IL,01647,112
Mark Warner,0.4843519805944766,7.134822167080231,11,Jim Webb,1954,40909,15,154,139,0,DEM,M,VA,01897,112
Mary L. Landrieu,0.28202908550470834,5.333333333333333,8,David Vitter,1955,49702,46,310,264,12,DEM,F,LA,01546,112
Max S. Baucus,NA,NA,NA,NA,1941,14203,39,159,120,31,DEM,M,MT,00066,112
Michael B. Enzi,0.9022418121898983,2.4502945583827938,15,John A. Barrasso,1944,49706,23,279,256,12,REP,M,WY,01542,112
Michael D. Crapo,0.8888888888888888,2,2,James Risch,1951,29345,26,291,265,12,REP,M,ID,00250,112
Michael F. Bennet,0.26957637997432604,1,1,Bob Corker,1964,40910,23,230,207,2,DEM,M,CO,01965,112
Michael F. Bennet,0.5258352614648357,7.436111111111111,17,Mark E. Udall,1964,40910,23,230,207,2,DEM,M,CO,01965,112
Mike Johanns,NA,NA,NA,NA,1950,40905,21,279,258,0,REP,M,NE,01899,112
Mike Lee,0.5815072740385211,12.645515403257146,23,Orrin G. Hatch,1971,41110,16,229,213,0,REP,M,UT,02080,112
Mike Lee,0.3874757742071508,3.3093749633552436,20,Jim W. DeMint,1971,41110,16,229,213,0,REP,M,UT,02080,112
Mike Lee,0.3728089449747372,3.021586678844743,11,Rand Paul,1971,41110,16,229,213,0,REP,M,UT,02080,112
Mike Lee,0.33987179819844093,0.9230186480186481,7,John A. Barrasso,1971,41110,16,229,213,0,REP,M,UT,02080,112
Mitch McConnell,0.7667987139675428,30.03040610183467,33,Harry M. Reid,1942,14921,17,166,149,24,REP,M,KY,01395,112
Olympia J. Snowe,NA,NA,NA,NA,1947,14661,46,324,278,12,REP,F,ME,01085,112
Orrin G. Hatch,0.37626037032273285,1.0218421774304127,9,John A. Barrasso,1934,14503,39,219,180,30,REP,M,UT,01351,112
Pat Roberts,0.7021701049408824,6.843497082627517,12,Jerry Moran,1936,14852,14,267,253,12,REP,M,KS,00968,112
Patrick J. Leahy,0.27574003858178675,1.4953823953823953,8,Bernard Sanders,1940,14307,46,284,238,36,DEM,M,VT,01383,112
Patrick J. Toomey,NA,NA,NA,NA,1961,29935,16,186,170,0,REP,M,PA,02085,112
Patty Murray,0.7501050242470726,7.805842257158047,14,Maria Cantwell,1950,49308,41,295,254,18,DEM,F,WA,01409,112
Rand Paul,0.5546387389176975,3.729352766798419,9,Mitch McConnell,1963,41104,19,159,140,0,REP,M,KY,02082,112
Richard Blumenthal,0.2685407167571908,2.7290003790488844,21,Sheldon Whitehouse,1946,41101,37,470,433,0,DEM,M,CT,02076,112
Richard Blumenthal,0.27672299214460727,6.1245630559916275,12,Joseph I. Lieberman,1946,41101,37,470,433,0,DEM,M,CT,02076,112
Richard C. Shelby,0.6418751467404065,2.2190656565656566,5,Jefferson B. Sessions,1934,14659,6,104,98,24,REP,M,AL,01049,112
Richard G. Lugar,NA,NA,NA,NA,1932,14506,22,174,152,30,REP,M,IN,01387,112
Richard J. Durbin,0.5919044459190446,2.477777777777778,5,Mark Steven Kirk,1944,15021,35,370,335,12,DEM,M,IL,00326,112
Richard M. Burr,0.2727272727272727,0.375,2,Saxby Chambliss,1955,29548,33,302,269,6,REP,M,NC,00153,112
Richard M. Burr,0.3216845699352986,3.1509370816599733,6,Kay Hagan,1955,29548,33,302,269,6,REP,M,NC,00153,112
Richard M. Burr,0.27459885115642824,1.702922077922078,6,Patrick J. Toomey,1955,29548,33,302,269,6,REP,M,NC,00153,112
Robert J. Portman,NA,NA,NA,NA,1955,29386,15,179,164,0,REP,M,OH,00924,112
Robert Menéndez,0.3790203500834267,7.742094591232522,28,Frank R. Lautenberg,1954,29373,75,363,288,1,DEM,M,NJ,00791,112
Robert P. Casey Jr.,0.36715741090018694,2.276923076923077,4,Patrick J. Toomey,1960,40703,62,344,282,0,DEM,M,PA,01828,112
Roger F. Wicker,0.920863309352518,3.878787878787879,6,Thad Cochran,1951,29534,16,299,283,0,REP,M,MS,01226,112
Ron Johnson,NA,NA,NA,NA,1955,41111,7,159,152,0,REP,M,WI,02086,112
Ron Wyden,0.34266712509053787,5.387634898920808,12,Jeff Merkley,1949,14871,59,332,273,15,DEM,M,OR,01247,112
Roy Blunt,0.463224650168884,4,6,Claire McCaskill,1950,29735,14,338,324,0,REP,M,MO,01464,112
Saxby Chambliss,0.2691053113915345,1.4026139565566624,11,Lindsey O. Graham,1943,29512,3,282,279,6,REP,M,GA,00188,112
Saxby Chambliss,0.32605905006418484,1.2095238095238094,3,Bob Corker,1943,29512,3,282,279,6,REP,M,GA,00188,112
Saxby Chambliss,0.32643540035697244,1.999134199134199,9,John H. Isakson,1943,29512,3,282,279,6,REP,M,GA,00188,112
Scott Brown,0.34782608695652173,1.4666666666666666,5,Kelly Ayotte,1959,40913,30,301,271,0,REP,M,MA,01975,112
Scott Brown,0.39450393252076543,13.13341093660861,23,John Forbes Kerry,1959,40913,30,301,271,0,REP,M,MA,01975,112
Sheldon Whitehouse,0.25455271385349276,1.45,3,Robert J. Portman,1955,40704,38,391,353,0,DEM,M,RI,01823,112
Sheldon Whitehouse,0.2765672729310876,3.5601551226551225,20,John F. Reed,1955,40704,38,391,353,0,DEM,M,RI,01823,112
Sherrod Brown,0.3664471496042041,1.9873015873015873,9,Bernard Sanders,1952,29389,61,418,357,0,DEM,M,OH,00136,112
Susan M. Collins,0.26569666297643524,2,2,Ben E. Nelson,1952,49703,34,366,332,12,REP,F,ME,01541,112
Susan M. Collins,0.4178487532592883,9.248024594453165,24,Joseph I. Lieberman,1952,49703,34,366,332,12,REP,F,ME,01541,112
Thad Cochran,0.277694108626898,1.6944444444444444,6,Roger F. Wicker,1937,14009,7,261,254,30,REP,M,MS,00213,112
Thomas A. Coburn,0.3165437652531369,2.7035548575351376,19,Jim W. DeMint,1948,29555,20,249,229,6,REP,M,OK,00212,112
Thomas Harkin,NA,NA,NA,NA,1939,14230,30,244,214,24,DEM,M,IA,00501,112
Thomas Richard Carper,0.6718140124819887,4.983333333333333,8,Chris Andrew Coons,1947,15015,34,174,140,6,DEM,M,DE,00179,112
Tim P. Johnson,NA,NA,NA,NA,1946,15425,15,245,230,12,DEM,M,SD,00604,112
Tom S. Udall,0.5582853261716553,14.603034345922277,26,Jeff Bingaman,1948,29924,22,217,195,0,DEM,M,NM,01567,112
Alan Stuart Franken,0.3966216130377516,14.402374077827798,30,Amy Jean Klobuchar,1951,40904,38,396,358,0,DEM,M,MN,01969,113
Amy Jean Klobuchar,0.36113665322035254,6.251419272666146,18,Alan Stuart Franken,1960,40700,72,447,375,6,DEM,F,MN,01826,113
Angus King,0.3316225819186735,2.5,3,Deb Fischer,1944,41300,13,226,213,0,IND,M,ME,02185,113
Angus King,0.3513752754464229,6.09280303030303,9,Susan M. Collins,1944,41300,13,226,213,0,IND,M,ME,02185,113
Barbara A. Mikulski,0.3172616947147223,7.367650626346278,18,Benjamin L. Cardin,1936,14440,14,240,226,24,DEM,F,MD,00802,113
Barbara Boxer,0.4829073253946588,9.958891925068396,20,Dianne Feinstein,1940,15011,55,364,309,18,DEM,F,CA,00116,113
Benjamin L. Cardin,0.5088408644400786,3.0833333333333335,9,Barbara A. Mikulski,1943,15408,51,350,299,6,DEM,M,MD,00174,113
Benjamin L. Cardin,0.7933598017533107,2.148196248196248,5,Jefferson B. Sessions,1943,15408,51,350,299,6,DEM,M,MD,00174,113
Bernard Sanders,NA,NA,NA,NA,1941,29147,42,239,197,6,IND,M,VT,01010,113
Bill Nelson,0.303685142139129,3.879979035639413,8,Marco Rubio,1942,14651,38,230,192,12,DEM,M,FL,00859,113
Bob Corker,0.6158317968164345,5.31962481962482,10,Lamar Alexander,1952,40705,10,105,95,6,REP,M,TN,01825,113
Brian Emanuel Schatz,0.6168795507290024,5.024675324675324,12,Mazie K. Hirono,1972,41112,18,355,337,0,DEM,M,HI,02173,113
Carl Levin,0.2774295099020379,2.553888888888889,6,Debbie Ann Stabenow,1934,14709,19,193,174,30,DEM,M,MI,01384,113
Charles E. Grassley,NA,NA,NA,NA,1933,14226,22,238,216,30,REP,M,IA,00457,113
Charles E. Schumer,NA,NA,NA,NA,1950,14858,41,357,316,12,DEM,M,NY,01036,113
Chris Andrew Coons,0.2803897270128622,2.656053391053391,9,Thomas Richard Carper,1963,40916,39,361,322,0,DEM,M,DE,01984,113
Christopher S. Murphy,0.2838283828382838,1,1,Ron Johnson,1973,20707,23,264,241,0,DEM,M,CT,01837,113
Christopher S. Murphy,0.3269389889480249,8.077735490205432,23,Richard Blumenthal,1973,20707,23,264,241,0,DEM,M,CT,01837,113
Claire McCaskill,0.2553291666042561,1.1174096174096173,4,Roy Blunt,1953,40701,22,171,149,6,DEM,F,MO,01820,113
Cory Anthony Booker,NA,NA,NA,NA,1969,41308,10,154,144,0,DEM,M,NJ,02194,113
Daniel Ray Coats,0.30950446791226643,1.1339285714285714,3,Joe Donnelly,1943,14806,11,164,153,22,REP,M,IN,00209,113
David Vitter,0.42030567685589526,0.6111111111111112,2,Tim Scott,1961,29918,39,276,237,6,REP,M,LA,01609,113
David Vitter,0.2696696146267699,1.3717948717948718,3,Bob Corker,1961,29918,39,276,237,6,REP,M,LA,01609,113
David Vitter,0.2716107130432452,1.1074079994316568,7,Mike Lee,1961,29918,39,276,237,6,REP,M,LA,01609,113
Dean Heller,0.272948822095857,1,1,Joe Donnelly,1960,20730,31,264,233,2,REP,M,NV,01863,113
Deb Fischer,0.7474135081839907,6.901897345860194,15,Mike Johanns,1951,41302,15,186,171,0,REP,F,NE,02179,113
Debbie Ann Stabenow,0.35653854518158923,3.0198158051099226,10,Carl Levin,1950,29732,25,263,238,12,DEM,F,MI,01531,113
Dianne Feinstein,0.4003385503867709,9.956182836771072,23,Barbara Boxer,1933,49300,40,309,269,21,DEM,F,CA,01332,113
Edward J. Markey,0.5839806824775846,2.250937950937951,10,Elizabeth Warren,1946,14435,21,286,265,0,DEM,M,MA,00735,113
Edward J. Markey,0.33440288955516984,2.5497326203208557,6,Tammy Baldwin,1946,14435,21,286,265,0,DEM,M,MA,00735,113
Elizabeth Warren,0.2685343868508441,2.307148407148407,8,Edward J. Markey,1949,41301,15,307,292,0,DEM,F,MA,02182,113
Frank R. Lautenberg,NA,NA,NA,NA,1924,14914,26,123,97,27,DEM,M,NJ,01381,113
Harry M. Reid,0.34092950530623106,5.545454545454546,7,Dean Heller,1939,15054,57,152,95,24,DEM,M,NV,00952,113
Heidi Heitkamp,0.7077038402448095,7.076647426647427,14,John Hoeven,1955,41303,8,200,192,0,DEM,F,ND,02174,113
James M. Inhofe,NA,NA,NA,NA,1934,15424,26,307,281,15,REP,M,OK,00583,113
James Risch,1,6.333333333333333,7,Michael D. Crapo,1943,40902,9,249,240,0,REP,M,ID,01896,113
Jeanne Shaheen,0.5081557903560884,6.243878164888052,12,Kelly Ayotte,1947,40906,53,363,310,0,DEM,F,NH,01901,113
Jeff Flake,0.6542461005199307,4.635964912280702,9,John S. McCain,1962,20100,18,160,142,0,REP,M,AZ,01633,113
Jeff Merkley,0.4562147667874971,12.376588592286266,26,Ron Wyden,1956,40908,26,314,288,0,DEM,M,OR,01900,113
Jefferson B. Sessions,0.48175182481751827,2.0140845070422535,3,Richard C. Shelby,1946,49700,8,158,150,12,REP,M,AL,01548,113
Jeffrey Scott Chiesa,NA,NA,NA,NA,1965,NA,0,12,12,0,REP,M,NJ,02192,113
Jerry Moran,0.47137645717057663,4.034027777777777,11,Pat Roberts,1954,29722,22,269,247,0,REP,M,KS,01507,113
Joe Donnelly,0.3381512862784189,1.75,3,Daniel Ray Coats,1955,20717,8,120,112,0,DEM,M,IN,01850,113
Joe Manchin III,NA,NA,NA,NA,1947,40915,25,213,188,3,DEM,M,WV,01983,113
John A. Barrasso,0.4729578150310058,4.218686868686869,15,Michael B. Enzi,1952,40707,27,236,209,6,REP,M,WY,01881,113
John A. Barrasso,0.34388646288209607,0.5,1,Tim Scott,1952,40707,27,236,209,6,REP,M,WY,01881,113
John Boozman,0.46664055722809816,9.452373737373737,21,Mark Pryor,1950,20101,16,298,282,0,REP,M,AR,01687,113
John Cornyn,NA,NA,NA,NA,1952,40305,36,288,252,7,REP,M,TX,01692,113
John D. Rockefeller IV,NA,NA,NA,NA,1937,14922,38,217,179,24,DEM,M,WV,01424,113
John E. Walsh,0.28604594648630494,5.547347778008155,17,Jon Tester,1960,NA,11,141,130,0,DEM,M,MT,02198,113
John E. Walsh,0.3042835576802113,0.5748663101604278,4,Heidi Heitkamp,1960,NA,11,141,130,0,DEM,M,MT,02198,113
John F. Reed,NA,NA,NA,NA,1949,29142,52,251,199,12,DEM,M,RI,00949,113
John H. Isakson,0.6909871244635193,2.236111111111111,4,Saxby Chambliss,1944,29909,21,297,276,6,REP,M,GA,01608,113
John Hoeven,NA,NA,NA,NA,1957,41107,23,198,175,0,REP,M,ND,02079,113
John S. McCain,0.347485644684183,2.3773809523809524,10,Jeff Flake,1936,15039,14,155,141,24,REP,M,AZ,00754,113
John Thune,NA,NA,NA,NA,1961,29754,31,271,240,6,REP,M,SD,01534,113
Jon Tester,0.7058823529411765,4.9,7,John E. Walsh,1956,40702,53,322,269,6,DEM,M,MT,01829,113
Jon Tester,0.44788868212087835,5.840848406546081,14,Max S. Baucus,1956,40702,53,322,269,6,DEM,M,MT,01829,113
Kay Hagan,NA,NA,NA,NA,1953,40907,21,206,185,0,DEM,F,NC,01902,113
Kelly Ayotte,0.31034624315444553,6.0769455690508325,17,Jeanne Shaheen,1968,41106,29,303,274,0,REP,F,NH,02075,113
Kirsten E. Gillibrand,0.4765104669645383,7.617269027269027,24,Charles E. Schumer,1966,20735,41,425,384,4,DEM,F,NY,01866,113
Lamar Alexander,NA,NA,NA,NA,1940,40304,25,181,156,6,REP,M,TN,01695,113
Lindsey O. Graham,0.34388646288209607,0.5,1,Tim Scott,1955,29566,18,184,166,6,REP,M,SC,00452,113
Lisa A. Murkowski,NA,NA,NA,NA,1957,40300,38,275,237,8,REP,F,AK,01694,113
Marco Rubio,0.3536304587911574,1.363059163059163,5,Elizabeth Warren,1971,41102,36,333,297,0,REP,M,FL,02084,113
Marco Rubio,0.2963590969530971,5.330357142857143,9,Bill Nelson,1971,41102,36,333,297,0,REP,M,FL,02084,113
Maria Cantwell,0.4827262764185787,7.867499364352911,13,Patty Murray,1958,39310,26,192,166,12,DEM,F,WA,00172,113
Mark Begich,0.3820457810921443,7.409092283502661,32,Jon Tester,1962,40900,62,511,449,0,DEM,M,AK,01898,113
Mark Begich,0.8936139066788654,21.419298245614034,30,Lisa A. Murkowski,1962,40900,62,511,449,0,DEM,M,AK,01898,113
Mark E. Udall,0.29683283624485163,4.976190476190476,9,Michael F. Bennet,1950,29906,43,229,186,0,DEM,M,CO,01595,113
Mark Pryor,0.5233565076401513,3.1529581529581527,5,Roger F. Wicker,1963,40301,39,225,186,6,DEM,M,AR,01701,113
Mark Pryor,0.41336824819711737,2.8026315789473686,5,John Boozman,1963,40301,39,225,186,6,DEM,M,AR,01701,113
Mark Steven Kirk,0.33815069963684674,3.2532186948853616,9,Joe Manchin III,1959,20115,38,314,276,1,REP,M,IL,01647,113
Mark Steven Kirk,0.2911176048960688,2,2,Tim P. Johnson,1959,20115,38,314,276,1,REP,M,IL,01647,113
Mark Steven Kirk,0.26129666011787817,1.5833333333333333,4,Barbara A. Mikulski,1959,20115,38,314,276,1,REP,M,IL,01647,113
Mark Steven Kirk,0.440305968770972,7.037946519854414,14,Richard J. Durbin,1959,20115,38,314,276,1,REP,M,IL,01647,113
Mark Warner,0.3549810844892812,2.8434343434343434,5,Angus King,1954,40909,34,235,201,0,DEM,M,VA,01897,113
Mark Warner,0.3292293233082707,2.994017094017094,7,Timothy Kaine,1954,40909,34,235,201,0,DEM,M,VA,01897,113
Mark Warner,0.2838283828382838,1,1,Ron Johnson,1954,40909,34,235,201,0,DEM,M,VA,01897,113
Mark Warner,0.3063592904767895,0.5787878787878787,3,Heidi Heitkamp,1954,40909,34,235,201,0,DEM,M,VA,01897,113
Martin Heinrich,0.722676355166046,19.812042124542124,27,Tom S. Udall,1971,20930,8,255,247,0,DEM,M,NM,01937,113
Mary L. Landrieu,NA,NA,NA,NA,1955,49702,42,310,268,12,DEM,F,LA,01546,113
Max S. Baucus,NA,NA,NA,NA,1941,14203,27,131,104,31,DEM,M,MT,00066,113
Mazie K. Hirono,0.35199272461049214,3.757081807081807,8,Brian Emanuel Schatz,1947,20713,21,271,250,0,DEM,F,HI,01844,113
Michael B. Enzi,0.6933300225667908,5.275280176417611,23,John A. Barrasso,1944,49706,28,310,282,12,REP,M,WY,01542,113
Michael D. Crapo,0.9699306555894276,4.608065953654189,8,James Risch,1951,29345,7,249,242,12,REP,M,ID,00250,113
Michael D. Crapo,0.28242560359348684,1.1807511737089202,3,Richard C. Shelby,1951,29345,7,249,242,12,REP,M,ID,00250,113
Michael F. Bennet,0.532191024614119,12.415909090909091,19,Mark E. Udall,1964,40910,28,223,195,2,DEM,M,CO,01965,113
Mike Johanns,NA,NA,NA,NA,1950,40905,20,263,243,0,REP,M,NE,01899,113
Mike Lee,0.3606401527697361,4.437306910569106,13,Ted Cruz,1971,41110,14,170,156,0,REP,M,UT,02080,113
Mike Lee,0.5492128864594504,6.58753305075234,13,Orrin G. Hatch,1971,41110,14,170,156,0,REP,M,UT,02080,113
Mitch McConnell,0.7879819467435798,33.81962481962482,37,Harry M. Reid,1942,14921,16,182,166,24,REP,M,KY,01395,113
Orrin G. Hatch,0.37006226707638656,4.825925925925926,10,Max S. Baucus,1934,14503,28,234,206,36,REP,M,UT,01351,113
Pat Roberts,0.39302370722443436,3.496463675213675,10,Jerry Moran,1936,14852,22,292,270,12,REP,M,KS,00968,113
Patrick J. Leahy,NA,NA,NA,NA,1940,14307,39,244,205,36,DEM,M,VT,01383,113
Patrick J. Toomey,0.2894638483164075,6.112820512820512,9,Robert P. Casey Jr.,1961,29935,27,186,159,0,REP,M,PA,02085,113
Patrick J. Toomey,0.2790120986489202,1.1375848416289593,4,Mike Lee,1961,29935,27,186,159,0,REP,M,PA,02085,113
Patty Murray,0.7062815477856231,7.486132144827797,15,Maria Cantwell,1950,49308,42,300,258,18,DEM,F,WA,01409,113
Rand Paul,0.5322982045446265,5.1215153410275365,10,Mitch McConnell,1963,41104,22,142,120,0,REP,M,KY,02082,113
Richard Blumenthal,0.2650100516045326,4.235978393894353,19,Richard J. Durbin,1946,41101,56,452,396,0,DEM,M,CT,02076,113
Richard Blumenthal,0.5270551786763528,7.475,12,Christopher S. Murphy,1946,41101,56,452,396,0,DEM,M,CT,02076,113
Richard C. Shelby,NA,NA,NA,NA,1934,14659,6,56,50,24,REP,M,AL,01049,113
Richard J. Durbin,NA,NA,NA,NA,1944,15021,47,401,354,12,DEM,M,IL,00326,113
Richard M. Burr,NA,NA,NA,NA,1955,29548,26,241,215,6,REP,M,NC,00153,113
Robert J. Portman,0.4135951971708078,7.9722577949476685,18,Sherrod Brown,1955,29386,29,270,241,0,REP,M,OH,00924,113
Robert Menéndez,0.2831697757865825,2.1698296872209917,12,Frank R. Lautenberg,1954,29373,87,336,249,7,DEM,M,NJ,00791,113
Robert P. Casey Jr.,0.5938171124452699,9.178927203065134,14,Patrick J. Toomey,1960,40703,48,296,248,6,DEM,M,PA,01828,113
Robert P. Casey Jr.,0.30901287553648066,1,1,Saxby Chambliss,1960,40703,48,296,248,6,DEM,M,PA,01828,113
Roger F. Wicker,1,7.227994227994228,10,Thad Cochran,1951,29534,16,290,274,6,REP,M,MS,01226,113
Roger F. Wicker,0.3809910641754671,1.3958333333333333,3,Joe Donnelly,1951,29534,16,290,274,6,REP,M,MS,01226,113
Ron Johnson,0.29509231497554045,2.25,3,Tammy Baldwin,1955,41111,5,153,148,0,REP,M,WI,02086,113
Ron Wyden,0.41333427953021323,5.042857142857143,9,Jeff Merkley,1949,14871,48,281,233,15,DEM,M,OR,01247,113
Roy Blunt,0.5976482593056415,6.886204481792717,12,Claire McCaskill,1950,29735,21,343,322,0,REP,M,MO,01464,113
Saxby Chambliss,0.40695392745675363,5.26475279106858,10,John H. Isakson,1943,29512,5,256,251,6,REP,M,GA,00188,113
Sheldon Whitehouse,0.30993757050932685,2.374941816471052,12,Frank R. Lautenberg,1955,40704,29,362,333,6,DEM,M,RI,01823,113
Sheldon Whitehouse,0.3157047168957528,6.6774281274281275,24,John F. Reed,1955,40704,29,362,333,6,DEM,M,RI,01823,113
Sherrod Brown,0.2871125611745514,1.0476190476190477,2,Cory Anthony Booker,1952,29389,55,371,316,6,DEM,M,OH,00136,113
Sherrod Brown,0.29380630881321945,3.1054779496652043,7,Robert J. Portman,1952,29389,55,371,316,6,DEM,M,OH,00136,113
Susan M. Collins,0.33417402269861285,2.676767676767677,6,Angus King,1952,49703,34,371,337,12,REP,F,ME,01541,113
Tammy Baldwin,0.42574257425742573,1.5,2,Ron Johnson,1962,29940,17,252,235,0,DEM,F,WI,01558,113
Ted Cruz,0.27819388575878046,4.501731601731602,10,John Cornyn,1970,41304,25,164,139,0,REP,M,TX,02175,113
Ted Cruz,0.44814909711602013,1.8271882192118765,10,Mike Lee,1970,41304,25,164,139,0,REP,M,TX,02175,113
Ted Cruz,0.27430291166003434,3.5045822102425874,9,Marco Rubio,1970,41304,25,164,139,0,REP,M,TX,02175,113
Thad Cochran,NA,NA,NA,NA,1937,14009,10,265,255,30,REP,M,MS,00213,113
Thomas A. Coburn,0.48737507797510743,4.616767676767677,9,Thomas Richard Carper,1948,29555,28,207,179,6,REP,M,OK,00212,113
Thomas A. Coburn,0.5578602620087336,0.8111111111111111,3,Tim Scott,1948,29555,28,207,179,6,REP,M,OK,00212,113
Thomas Harkin,NA,NA,NA,NA,1939,14230,43,272,229,24,DEM,M,IA,00501,113
Thomas Richard Carper,NA,NA,NA,NA,1947,15015,19,130,111,12,DEM,M,DE,00179,113
Tim P. Johnson,NA,NA,NA,NA,1946,15425,13,227,214,12,DEM,M,SD,00604,113
Tim Scott,NA,NA,NA,NA,1965,21173,5,161,156,0,REP,M,SC,02056,113
Timothy Kaine,0.7057491508365832,1.3333333333333333,2,Heidi Heitkamp,1958,41305,16,176,160,0,DEM,M,VA,02176,113
Timothy Kaine,0.3655188214431402,6.149998767390072,13,Mark Warner,1958,41305,16,176,160,0,DEM,M,VA,02176,113
Tom S. Udall,0.5375722543352601,2.325,5,Martin Heinrich,1948,29924,42,262,220,0,DEM,M,NM,01567,113
William Cowan,NA,NA,NA,NA,1969,NA,0,56,56,0,DEM,M,MA,02189,113
Alan Stuart Franken,0.2675957344922223,9.518223443223443,21,Amy Jean Klobuchar,1951,40904,31,439,408,6,DEM,M,MN,01969,114
Amy Jean Klobuchar,0.30639906125746696,4.763216001478197,10,Alan Stuart Franken,1960,40700,61,429,368,6,DEM,F,MN,01826,114
Angus King,0.3318578512037037,5.682598039215686,11,Susan M. Collins,1944,41300,17,263,246,0,IND,M,ME,02185,114
Angus King,0.27621357227999505,1.3333333333333333,2,Shelley Moore Capito,1944,41300,17,263,246,0,IND,M,ME,02185,114
Barbara A. Mikulski,0.45696733908849746,8.805569561157796,27,Benjamin L. Cardin,1936,14440,12,275,263,24,DEM,F,MD,00802,114
Barbara Boxer,0.2592954058557487,1.1682754182754183,4,Jefferson B. Sessions,1940,15011,37,385,348,18,DEM,F,CA,00116,114
Barbara Boxer,0.5283600324095123,10.208757816257815,28,Dianne Feinstein,1940,15011,37,385,348,18,DEM,F,CA,00116,114
Barbara Boxer,0.273293790825137,4.924242424242424,7,James M. Inhofe,1940,15011,37,385,348,18,DEM,F,CA,00116,114
Benjamin Eric Sasse,NA,NA,NA,NA,1972,41503,5,91,86,0,REP,M,NE,02289,114
Benjamin L. Cardin,0.515838288599119,1.8064171122994652,8,Barbara A. Mikulski,1943,15408,61,328,267,6,DEM,M,MD,00174,114
Benjamin L. Cardin,0.4812425612949298,2.1682754182754183,5,Jefferson B. Sessions,1943,15408,61,328,267,6,DEM,M,MD,00174,114
Benjamin L. Cardin,0.8280249857099453,3.5308519982433024,14,Bob Corker,1943,15408,61,328,267,6,DEM,M,MD,00174,114
Bernard Sanders,NA,NA,NA,NA,1941,29147,18,235,217,6,IND,M,VT,01010,114
Bill Cassidy,0.31764174185793226,8.136724386724387,14,David Vitter,1957,20919,32,189,157,0,REP,M,LA,01925,114
Bill Nelson,0.401868858457929,7.0287037037037035,12,Marco Rubio,1942,14651,37,222,185,12,DEM,M,FL,00859,114
Bob Corker,NA,NA,NA,NA,1952,40705,17,94,77,6,REP,M,TN,01825,114
Brian Emanuel Schatz,0.31814041793046577,4.913038330996077,16,Mazie K. Hirono,1972,41112,29,298,269,3,DEM,M,HI,02173,114
Charles E. Grassley,0.3358238656743846,1.4901883830455258,5,Joni Ernst,1933,14226,79,305,226,30,REP,M,IA,00457,114
Charles E. Grassley,0.2628605780277559,2.142857142857143,3,Patrick J. Leahy,1933,14226,79,305,226,30,REP,M,IA,00457,114
Charles E. Grassley,0.25960250631023796,1.0531565656565656,4,Tim Scott,1933,14226,79,305,226,30,REP,M,IA,00457,114
Charles E. Schumer,0.480701288052098,6.543299269641981,18,Kirsten E. Gillibrand,1950,14858,38,399,361,12,DEM,M,NY,01036,114
Charles E. Schumer,0.32430417897850333,5.049242424242424,11,Roy Blunt,1950,14858,38,399,361,12,DEM,M,NY,01036,114
Chris Andrew Coons,0.29842011215761804,1.2725186649099693,9,Bob Corker,1963,40916,35,421,386,5,DEM,M,DE,01984,114
Christopher S. Murphy,0.3465874522170685,9.204781740733752,26,Richard Blumenthal,1973,20707,26,325,299,0,DEM,M,CT,01837,114
Claire McCaskill,0.6041729664348352,1.0588235294117647,2,Benjamin Eric Sasse,1953,40701,14,206,192,6,DEM,F,MO,01820,114
Claire McCaskill,0.3180535242506587,4.951923076923077,11,Roy Blunt,1953,40701,14,206,192,6,DEM,F,MO,01820,114
Cory Anthony Booker,0.30071403429996085,4.635407853166597,25,Robert Menéndez,1969,41308,32,314,282,2,DEM,M,NJ,02194,114
Cory Gardner,0.26254002134471716,1.3666666666666667,3,James Risch,1974,21112,35,262,227,0,REP,M,CO,01998,114
Dan Sullivan,0.7404923549033273,21.146825396825395,29,Lisa A. Murkowski,1964,41500,14,181,167,0,REP,M,AK,02290,114
Daniel Ray Coats,NA,NA,NA,NA,1943,14806,9,140,131,22,REP,M,IN,00209,114
David Perdue,0.3020505355669194,4.8602235772357725,10,John H. Isakson,1949,41501,8,215,207,0,REP,M,GA,02286,114
David Vitter,NA,NA,NA,NA,1961,29918,55,295,240,6,REP,M,LA,01609,114
Dean Heller,0.5985948922434255,4.041666666666667,5,Harry M. Reid,1960,20730,43,248,205,2,REP,M,NV,01863,114
Deb Fischer,0.3547264008408329,1.0909090909090908,2,James Lankford,1951,41302,30,211,181,0,REP,F,NE,02179,114
Debbie Ann Stabenow,0.4150578140532622,5.08525641025641,11,Gary C. Peters,1950,29732,32,322,290,12,DEM,F,MI,01531,114
Dianne Feinstein,0.6435178871135059,11.630580232971537,21,Barbara Boxer,1933,49300,51,394,343,21,DEM,F,CA,01332,114
Edward J. Markey,0.2523606350982724,2.342857142857143,6,Bernard Sanders,1946,14435,48,435,387,2,DEM,M,MA,00735,114
Elizabeth Warren,0.3131272281522371,7.461132799948589,21,Edward J. Markey,1949,41301,23,346,323,0,DEM,F,MA,02182,114
Gary C. Peters,0.40050314375546464,5.641441672362725,18,Debbie Ann Stabenow,1958,20923,22,348,326,0,DEM,M,MI,01929,114
Harry M. Reid,0.3036890107809642,7.791666666666667,10,Dean Heller,1939,15054,14,150,136,24,DEM,M,NV,00952,114
Harry M. Reid,0.7155258678937061,8.090909090909092,17,Mitch McConnell,1939,15054,14,150,136,24,DEM,M,NV,00952,114
Heidi Heitkamp,0.40374809124982647,5.135004708097928,11,John Hoeven,1955,41303,33,257,224,0,DEM,F,ND,02174,114
Heidi Heitkamp,0.38114981675489584,2.6,4,Joe Manchin III,1955,41303,33,257,224,0,DEM,F,ND,02174,114
Heidi Heitkamp,0.38182355646061883,1.1742424242424243,4,James Lankford,1955,41303,33,257,224,0,DEM,F,ND,02174,114
James Lankford,0.2675876567309858,4.821428571428571,10,James M. Inhofe,1968,21166,10,183,173,0,REP,M,OK,02050,114
James M. Inhofe,NA,NA,NA,NA,1934,15424,32,273,241,21,REP,M,OK,00583,114
James Risch,0.806190915072502,9.017567983265657,18,Michael D. Crapo,1943,40902,10,221,211,6,REP,M,ID,01896,114
Jeanne Shaheen,0.27489945466061766,1.1722222222222223,8,Bob Corker,1947,40906,53,398,345,6,DEM,F,NH,01901,114
Jeff Flake,0.5063188047255409,10.540875790875791,15,John S. McCain,1962,20100,39,193,154,0,REP,M,AZ,01633,114
Jeff Merkley,0.3483248233895223,3.2337662337662336,7,Bernard Sanders,1956,40908,26,367,341,6,DEM,M,OR,01900,114
Jeff Merkley,0.639935541368675,22.576399250867336,40,Ron Wyden,1956,40908,26,367,341,6,DEM,M,OR,01900,114
Jefferson B. Sessions,0.9090909090909091,1,1,Richard C. Shelby,1946,49700,10,159,149,18,REP,M,AL,01548,114
Jefferson B. Sessions,0.31767561154743595,3.2551701531676502,8,Ted Cruz,1946,49700,10,159,149,18,REP,M,AL,01548,114
Jerry Moran,NA,NA,NA,NA,1954,29722,37,290,253,0,REP,M,KS,01507,114
Joe Donnelly,NA,NA,NA,NA,1955,20717,17,188,171,0,DEM,M,IN,01850,114
Joe Manchin III,0.3716141230630112,1.7938492063492064,7,Shelley Moore Capito,1947,40915,16,199,183,3,DEM,M,WV,01983,114
John A. Barrasso,0.27500872146712174,1.1156565656565656,5,Tim Scott,1952,40707,31,203,172,6,REP,M,WY,01881,114
John Boozman,NA,NA,NA,NA,1950,20101,19,271,252,0,REP,M,AR,01687,114
John Cornyn,NA,NA,NA,NA,1952,40305,33,255,222,13,REP,M,TX,01692,114
John F. Reed,NA,NA,NA,NA,1949,29142,33,244,211,18,DEM,M,RI,00949,114
John H. Isakson,0.44240659873847643,1.7190799396681749,5,David Perdue,1944,29909,33,293,260,6,REP,M,GA,01608,114
John Hoeven,NA,NA,NA,NA,1957,41107,22,171,149,0,REP,M,ND,02079,114
John S. McCain,0.4548244306226188,9.262867198161317,22,Jeff Flake,1936,15039,29,224,195,24,REP,M,AZ,00754,114
John Thune,0.30676552363299353,2.507575757575758,5,Mike Rounds,1961,29754,53,238,185,6,REP,M,SD,01534,114
Jon Tester,0.42170451194337955,4.583333333333333,7,Steve Daines,1956,40702,43,297,254,6,DEM,M,MT,01829,114
Joni Ernst,NA,NA,NA,NA,1970,41502,13,171,158,0,REP,F,IA,02283,114
Kelly Ayotte,0.33638770937465723,6.264180672268908,18,Jeanne Shaheen,1968,41106,32,431,399,0,REP,F,NH,02075,114
Kirsten E. Gillibrand,0.5437815969438947,9.865177395068699,21,Charles E. Schumer,1966,20735,32,446,414,4,DEM,F,NY,01866,114
Lamar Alexander,NA,NA,NA,NA,1940,40304,36,176,140,12,REP,M,TN,01695,114
Lindsey O. Graham,NA,NA,NA,NA,1955,29566,12,168,156,12,REP,M,SC,00452,114
Lisa A. Murkowski,0.7161290322580646,6.166666666666667,10,Dan Sullivan,1957,40300,43,264,221,8,REP,F,AK,01694,114
Marco Rubio,0.41087897997332523,1.7520641194554238,10,Bob Corker,1971,41102,43,367,324,0,REP,M,FL,02084,114
Marco Rubio,0.263133275090975,1.1676303854875283,5,Joni Ernst,1971,41102,43,367,324,0,REP,M,FL,02084,114
Marco Rubio,0.3007257332930148,0.527027027027027,2,Benjamin Eric Sasse,1971,41102,43,367,324,0,REP,M,FL,02084,114
Marco Rubio,0.42450915037719594,6.339105339105339,15,Bill Nelson,1971,41102,43,367,324,0,REP,M,FL,02084,114
Maria Cantwell,0.3533194651245808,3.950892921481157,20,Patty Murray,1958,39310,33,268,235,12,DEM,F,WA,00172,114
Mark Steven Kirk,NA,NA,NA,NA,1959,20115,54,386,332,1,REP,M,IL,01647,114
Mark Warner,0.4913043046916079,5.359523809523809,8,Timothy Kaine,1954,40909,21,222,201,6,DEM,M,VA,01897,114
Mark Warner,0.2682926829268293,0.7333333333333334,3,Thom Tillis,1954,40909,21,222,201,6,DEM,M,VA,01897,114
Martin Heinrich,0.5888265239524867,14.320634920634921,27,Tom S. Udall,1971,20930,19,300,281,0,DEM,M,NM,01937,114
Martin Heinrich,0.384204909284952,2,2,James Risch,1971,20930,19,300,281,0,DEM,M,NM,01937,114
Mazie K. Hirono,NA,NA,NA,NA,1947,20713,36,342,306,0,DEM,F,HI,01844,114
Michael B. Enzi,0.4013753379282468,4.651392035860121,15,John A. Barrasso,1944,49706,33,229,196,18,REP,M,WY,01542,114
Michael D. Crapo,0.26680896478121663,1.3888888888888888,3,James Risch,1951,29345,24,247,223,12,REP,M,ID,00250,114
Michael F. Bennet,0.5786782521306076,14.201923076923077,17,Cory Gardner,1964,40910,22,323,301,2,DEM,M,CO,01965,114
Mike Lee,0.29041508206056416,1,1,Tom Cotton,1971,41110,34,198,164,0,REP,M,UT,02080,114
Mike Lee,0.4139703658905352,0.7254901960784313,3,Benjamin Eric Sasse,1971,41110,34,198,164,0,REP,M,UT,02080,114
Mike Rounds,NA,NA,NA,NA,1954,41505,12,201,189,0,REP,M,SD,02288,114
Mitch McConnell,NA,NA,NA,NA,1942,14921,25,126,101,30,REP,M,KY,01395,114
Orrin G. Hatch,NA,NA,NA,NA,1934,14503,57,282,225,36,REP,M,UT,01351,114
Pat Roberts,NA,NA,NA,NA,1936,14852,24,274,250,18,REP,M,KS,00968,114
Patrick J. Leahy,NA,NA,NA,NA,1940,14307,26,286,260,36,DEM,M,VT,01383,114
Patrick J. Toomey,NA,NA,NA,NA,1961,29935,29,206,177,0,REP,M,PA,02085,114
Patty Murray,0.5524845272652273,7.8293077539571225,18,Maria Cantwell,1950,49308,46,346,300,18,DEM,F,WA,01409,114
Rand Paul,0.2734285968356465,1.1092463092463092,4,Tim Scott,1963,41104,27,152,125,0,REP,M,KY,02082,114
Richard Blumenthal,0.3204205734877491,4.950732600732601,13,Christopher S. Murphy,1946,41101,59,494,435,0,DEM,M,CT,02076,114
Richard Blumenthal,0.2687446285747401,6.4035931174089065,14,Edward J. Markey,1946,41101,59,494,435,0,DEM,M,CT,02076,114
Richard C. Shelby,NA,NA,NA,NA,1934,14659,2,72,70,24,REP,M,AL,01049,114
Richard J. Durbin,NA,NA,NA,NA,1944,15021,45,437,392,18,DEM,M,IL,00326,114
Richard M. Burr,0.9268292682926829,2.533333333333333,4,Thom Tillis,1955,29548,37,220,183,6,REP,M,NC,00153,114
Robert J. Portman,0.34517419329188226,8.358766233766234,12,Sherrod Brown,1955,29386,49,280,231,0,REP,M,OH,00924,114
Robert Menéndez,0.2912040138520929,3.093107769423559,10,Cory Anthony Booker,1954,29373,51,317,266,7,DEM,M,NJ,00791,114
Robert P. Casey Jr.,0.25485847941297596,3.4305228758169934,7,Patrick J. Toomey,1960,40703,53,335,282,6,DEM,M,PA,01828,114
Roger F. Wicker,0.4051724137931034,1.3055555555555556,3,Thad Cochran,1951,29534,24,265,241,6,REP,M,MS,01226,114
Ron Johnson,0.3547264008408329,1.0909090909090908,4,James Lankford,1955,41111,35,215,180,0,REP,M,WI,02086,114
Ron Johnson,0.263133275090975,1.1676303854875283,4,Joni Ernst,1955,41111,35,215,180,0,REP,M,WI,02086,114
Ron Johnson,0.33500318246577954,4.032124819624819,11,Thomas Richard Carper,1955,41111,35,215,180,0,REP,M,WI,02086,114
Ron Wyden,0.33250228024463874,4.658131502643697,12,Jeff Merkley,1949,14871,65,334,269,15,DEM,M,OR,01247,114
Roy Blunt,0.37793525079894397,2.7846027846027845,6,Claire McCaskill,1950,29735,43,328,285,0,REP,M,MO,01464,114
Sheldon Whitehouse,0.29388491060570315,4.947835497835498,14,John F. Reed,1955,40704,25,364,339,6,DEM,M,RI,01823,114
Sheldon Whitehouse,0.30044755264025064,1.0521390374331552,3,Barbara A. Mikulski,1955,40704,25,364,339,6,DEM,M,RI,01823,114
Shelley Moore Capito,0.39012061745957016,3.4924603174603175,11,Kelly Ayotte,1953,20146,13,269,256,0,REP,F,WV,01676,114
Sherrod Brown,0.3373714285714286,1.5769230769230769,3,Lindsey O. Graham,1952,29389,53,421,368,6,DEM,M,OH,00136,114
Sherrod Brown,0.3242627469160377,6.840389185977421,12,Robert J. Portman,1952,29389,53,421,368,6,DEM,M,OH,00136,114
Steve Daines,0.2695551571203857,4.747023809523809,9,Jon Tester,1962,21338,22,229,207,0,REP,M,MT,02138,114
Susan M. Collins,0.2571258021190867,2.051190476190476,7,Angus King,1952,49703,39,340,301,18,REP,F,ME,01541,114
Tammy Baldwin,NA,NA,NA,NA,1962,29940,36,416,380,0,DEM,F,WI,01558,114
Ted Cruz,0.3404389572485139,4.034559460147696,14,John Cornyn,1970,41304,25,201,176,0,REP,M,TX,02175,114
Ted Cruz,0.2986906492420743,3.7763512213512214,20,Mike Lee,1970,41304,25,201,176,0,REP,M,TX,02175,114
Thad Cochran,0.2881339137603597,2.8849701121914126,9,Roger F. Wicker,1937,14009,8,208,200,36,REP,M,MS,00213,114
Thom Tillis,0.33812362377192523,6.298430735930736,12,Richard M. Burr,1960,41504,5,203,198,0,REP,M,NC,02291,114
Thomas Richard Carper,0.25735080058224163,1,1,David Perdue,1947,15015,27,189,162,12,DEM,M,DE,00179,114
Tim Scott,0.2543542857142857,1.1888888888888889,3,Lindsey O. Graham,1965,21173,14,193,179,2,REP,M,SC,02056,114
Timothy Kaine,0.2771470160116448,1.0769230769230769,2,David Perdue,1958,41305,20,224,204,0,DEM,M,VA,02176,114
Timothy Kaine,0.2884686785521199,2.3964285714285714,7,Mark Warner,1958,41305,20,224,204,0,DEM,M,VA,02176,114
Tom Cotton,0.3734296411392834,2.502164502164502,8,John Boozman,1977,21301,11,208,197,0,REP,M,AR,02098,114
Tom S. Udall,0.2987044384075957,4.18464665415885,7,Jeff Merkley,1948,29924,41,278,237,6,DEM,M,NM,01567,114
Tom S. Udall,0.4930338698054288,6.515873015873016,10,Martin Heinrich,1948,29924,41,278,237,6,DEM,M,NM,01567,114
