"","V1","V2","V3","V4","V5"
"ests",4.6978230346196,2.01750198041944,-3.6228803355291,4.28698405650467,-7.14447989109789
"ests",4.68928963390865,1.95391842283481,-3.64554142501759,4.28975865629287,-8.53553734132405
"ests",4.67373586850608,1.95009476952535,-3.57145888351718,4.21852533174781,-7.2777706171379
"ests",4.77865217893647,1.97464933199561,-3.56661333278884,4.2470726856489,-6.25403437598429
"ests",4.77567469941148,1.97077568350017,-3.60749063019444,4.24903222101897,-8.48684417370638
"ests",4.70769821761388,2.01203730310035,-3.59694202826616,4.23000149658197,-7.43739593765089
"ests",4.60151674095895,1.95922896107912,-3.5446557629568,4.17257557902288,-6.39176975319719
"ests",4.67331380675001,1.93906351348292,-3.56940809725083,4.18555449446789,-7.59625437832887
"ests",4.72980406528386,1.95650956023785,-3.61656011547643,4.24780203066702,-11.637021806206
"ests",4.74225523186729,1.98750523677046,-3.58495018149319,4.19926048363466,-10.0532899902224
"ests",4.77728706831321,2.0008499179491,-3.63763778644895,4.31711593253407,-7.19133052850845
"ests",4.81112401523573,2.00333764704155,-3.64636254709303,4.31499547421946,-8.22743427680933
"ests",4.68226602719026,1.92583893148786,-3.54804338770721,4.18176705617621,-6.75873722884963
"ests",4.73514356167604,1.94601612342414,-3.58109512718134,4.21632605377645,-6.62206780353389
"ests",4.67885568212233,1.93335289535947,-3.60742222653955,4.25471929634036,-7.84910376639473
"ests",4.74470775172037,1.99141503708319,-3.57858080266248,4.24394359497761,-7.27101367848384
"ests",4.70062006136529,1.97667743680343,-3.60964563173121,4.24509831388183,-7.73945736533213
"ests",4.76562331779677,1.9409275277916,-3.55441482365553,4.14618014769018,-10.0443376201397
"ests",4.56766762179584,1.95980290779585,-3.5654699378274,4.15910228539017,-7.66187118371547
"ests",4.80580967742904,1.99109445247125,-3.62564450855107,4.24453228290463,-8.53172489085376
"ests",4.71281959383126,1.99898647299197,-3.59836835391273,4.2455987792233,-6.10587827942664
"ests",4.72712286241952,1.99822991780324,-3.61187166115192,4.25146894024401,-7.25314942506277
"ests",4.75668700981677,1.96297338523133,-3.58672222046373,4.24250526326515,-6.58195655025283
"ests",4.76439129140561,1.94807762301299,-3.59794766682907,4.24258093764607,-10.0765153981496
"ests",4.63550086652471,2.0065249330024,-3.57580546785992,4.22272421580703,-7.39736662497729
"ests",4.71588801380312,1.98641556715544,-3.57169416723419,4.19877542146429,-8.00662926665527
"ests",4.74203468005638,1.95309624919771,-3.55649315473792,4.18062730962186,-5.39633513518869
"ests",4.69404400872367,2.0041689182347,-3.59523358094716,4.26242200932666,-6.63158870459867
"ests",4.78429568579442,1.99721303382954,-3.59497553207396,4.26614178533325,-7.96620897644226
"ests",4.71879177901169,1.9907614036634,-3.5620811094271,4.19392932490047,-6.00968461517995
"ests",4.73926011533327,2.00933837781161,-3.64791069196443,4.33080670392067,-6.82319223126025
"ests",4.71543443580682,1.97240478843054,-3.61033123316107,4.26977019532391,-8.54403313328571
"ests",4.72126614420653,1.9788861051629,-3.58866865957315,4.18008369923944,-8.24742477904408
"ests",4.77102623389805,1.95887855968801,-3.60627348154707,4.27052558530989,-6.35509466495234
"ests",4.74973857550599,2.01109229232703,-3.61637663222964,4.27845386985722,-5.16476053745879
"ests",4.70059020084694,1.99319922256876,-3.58961300922255,4.25024417844505,-5.92517401640536
"ests",4.77094310336442,2.01158015822112,-3.64232250783251,4.29551822676104,-10.5555932812955
"ests",4.64700967872145,1.96917407913501,-3.53449347227786,4.15376531374664,-5.89089301725669
"ests",4.67203851757998,1.99112899595943,-3.59453501810108,4.23707702863917,-7.2028730952307
"ests",4.82373538407978,1.9991715444287,-3.59673664340442,4.26122940329379,-6.28960776908688
"ests",4.73393867857955,2.00229732773959,-3.61851825644534,4.26664738262875,-7.76419151711687
"ests",4.71328940057386,1.97889970725595,-3.59561343933105,4.22447238917977,-8.43014274090325
"ests",4.62721151457476,1.88353459221146,-3.49016452553284,4.09188168751427,-7.21157367036052
"ests",4.6087400201079,1.97002204773624,-3.56892924234029,4.19362039394427,-8.07807536400807
"ests",4.69064475444536,2.01104351685341,-3.62337456790881,4.25006063759274,-8.80962283716816
"ests",4.72215665480894,2.01096976708794,-3.60287348396343,4.22975333481166,-8.59126196332404
"ests",4.75560033956968,1.96156610491996,-3.5907742904834,4.2434537514979,-5.76108406881402
"ests",4.74081630285159,2.00126815813907,-3.59784292909536,4.2436096386822,-7.99647028086169
"ests",4.68557779498015,1.99184926191312,-3.62959828586647,4.29155866156826,-7.32770161780159
"ests",4.77716805737653,1.92191267645497,-3.59453973925314,4.25890018248612,-6.08276757983158
"ests",4.71523785005477,1.93649367573948,-3.56956113608013,4.20685831320012,-7.14097111680116
"ests",4.81065675057388,2.00352286532187,-3.67321727396027,4.34538365799227,-11.1035171778801
"ests",4.73563689930229,1.96173209195229,-3.54490461490644,4.16297331893618,-7.42202266685377
"ests",4.71534393725146,1.99496194681024,-3.55693561324352,4.21815186474587,-5.51319783260721
"ests",4.7523886142257,1.98760972916246,-3.58037652959278,4.24876057112464,-5.38389000351904
"ests",4.73062440274752,1.98613467729726,-3.58353157070485,4.21755703465457,-8.39924148142953
"ests",4.72276333709355,1.99154848493859,-3.55438985165258,4.19485315788883,-6.82304572092216
"ests",4.72163179888511,1.96901183540309,-3.5762546568969,4.22017336171251,-7.00228385453815
"ests",4.68688187140288,1.93468317387263,-3.57254973922842,4.18387691332936,-7.43910935249707
"ests",4.794242419254,2.02848460882884,-3.58376137490525,4.20856844024061,-6.10326213958971
"ests",4.75536864862727,2.02050840017413,-3.57419739550827,4.20959635704329,-6.75586868852958
"ests",4.77630287796094,2.02876869075589,-3.62212569544575,4.28250966130057,-8.20585760147475
"ests",4.69175512526172,1.95215310167884,-3.59722684145107,4.21287146368524,-8.94161793318907
"ests",4.75888927743197,1.95842798399839,-3.59897721721537,4.31111156155262,-3.9164990346154
"ests",4.80631901600072,2.02652273961046,-3.62492809391002,4.27578154294061,-8.92829664311584
"ests",4.76992198591386,1.97108822414426,-3.57974585451835,4.23806388712646,-7.236294892632
"ests",4.76284226962758,1.98996884775797,-3.61222693424356,4.27324018182029,-5.96317987307811
"ests",4.68675163809667,1.95573258178905,-3.54665104527413,4.18025085380688,-6.18970885296187
"ests",4.74926983629637,1.96888029114834,-3.58033394010504,4.21073084107384,-5.86355341781395
"ests",4.72338326804396,1.95757935595097,-3.56859492059476,4.22317305000237,-5.51487796960403
"ests",4.6675051198072,1.98898679344664,-3.58488842893411,4.23088850492069,-6.05411939824438
"ests",4.75311672152268,1.95807043369781,-3.57186119350845,4.19099676954681,-8.68685411680681
"ests",4.65761122588239,1.97325105078721,-3.58095401004881,4.17869578763853,-8.81010095646202
"ests",4.69367057077611,1.95004652833887,-3.58480977619826,4.22014668550735,-8.47075077977891
"ests",4.66530214690653,2.00196621139839,-3.52543416699735,4.13315129888594,-7.22625973643565
"ests",4.65497704678467,1.9430909184575,-3.58656801919805,4.21952850860238,-7.54821080783515
"ests",4.77276307064391,2.00216833968202,-3.59060644626767,4.26188198031592,-5.73632584325264
"ests",4.77352355338256,1.95636113515474,-3.57903776096228,4.18932656714174,-8.65767407686122
"ests",4.74494054096291,2.02419055838669,-3.62286206167299,4.27817140220384,-7.75237683028488
"ests",4.6582319196984,1.95311966859797,-3.57251591681106,4.20915018999086,-6.54059210679643
"ests",4.76500404526444,2.00226721978733,-3.66415120931923,4.33819667998224,-9.14726424147682
"ests",4.7253446925426,1.99521670969661,-3.56682410143603,4.19976843179035,-5.73240498928142
"ests",4.77528011793828,1.95734320459749,-3.59183273300853,4.24880234887806,-7.37683700800211
"ests",4.7064773669644,1.95939155840888,-3.56891800129338,4.2082901726804,-7.19435961654044
"ests",4.7309558462235,1.98353923475481,-3.62804097721024,4.27500142679193,-9.41586515153254
"ests",4.71417568605558,2.02715850402605,-3.61081489460599,4.26728324077276,-6.55830738802827
"ests",4.64541112854053,1.96215335498857,-3.57509235465235,4.2152875957109,-7.22253871806587
"ests",4.80815802758668,1.99413280348225,-3.62520186253492,4.29283391774361,-7.17353821417694
"ests",4.75655151570394,1.95870037368747,-3.60914099785947,4.2810327507419,-7.50586417085066
"ests",4.69604959451537,1.94645027653624,-3.56866507770844,4.21842352372773,-6.06584266598574
"ests",4.59159118079413,1.94096286560554,-3.49690425180527,4.10040192881242,-6.78693854229678
"ests",4.78244284223364,1.96369161265132,-3.6198905889046,4.26719417339083,-7.94105769718336
"ests",4.80885444382952,1.97745142156785,-3.60856505352758,4.26459350258778,-7.1044927688729
"ests",4.66993071268276,1.91924198842681,-3.58658491127396,4.19465849428784,-9.80664541282882
"ests",4.60372646077331,1.97048319148368,-3.52450402007227,4.12513535439169,-8.6811233061663
"ests",4.71952869541698,1.99039137235785,-3.59071766860745,4.23288899047623,-6.84920992269662
"ests",4.71406355882557,1.95411806251033,-3.5411872868039,4.14117386602811,-7.54507629261112
"ests",4.71157020274529,1.98512201939731,-3.6038201745931,4.2763803633684,-6.73355012698616
"ests",4.7046402219441,1.99231577031667,-3.61711438293238,4.24984088514358,-8.15428961930587
"ests",4.7069439471015,1.99059935838946,-3.63463723240982,4.30775990856499,-7.99300010248792
"ests",4.66013305207098,1.99180702306555,-3.64185244101,4.2936812539368,-9.30994530112418
"ests",4.57193908215247,1.97371631847934,-3.57035676669036,4.1995507718508,-9.44106173502827
"ests",4.68614201793992,1.98232044978242,-3.56189293834585,4.21311952334615,-3.41056290146013
"ests",4.74959907773509,2.011155728745,-3.64463729986829,4.27972180516419,-10.0208588889958
"ests",4.72264079971719,1.96464317770199,-3.63590625394539,4.28132500457493,-7.95703174975313
"ests",4.58880796090833,1.96933393798668,-3.55711054067506,4.15638935150835,-11.7232955532306
"ests",4.67920158916475,1.96778091311337,-3.56085162975715,4.21027116464638,-6.72922038358991
"ests",4.7089159055078,1.92461399481983,-3.54793514670416,4.16172327282125,-8.0841405001217
"ests",4.60134766056682,1.95427696173585,-3.56466879317025,4.1742734602991,-8.06732447699348
"ests",4.75974544755512,1.94167451582989,-3.59055522759376,4.22860221986282,-8.07890199888036
"ests",4.60636361589374,1.95981349645625,-3.54163707128342,4.13320881820589,-9.53208172599873
"ests",4.73427534302009,1.94643409387144,-3.57112583846956,4.22379926683455,-7.66923814630538
"ests",4.65961820360332,1.98650830966054,-3.5699606627001,4.21448428144599,-7.15608554467059
"ests",4.76427263609042,1.99471680525879,-3.61985432447142,4.26581614818669,-9.85537028806407
"ests",4.77332506421869,1.97665591743745,-3.59085621697474,4.25207436094729,-7.10047891795034
"ests",4.77756384730508,2.00430374964291,-3.63943480738817,4.30721667258108,-6.66569012315516
"ests",4.64841599378363,1.96804697319991,-3.61139189147773,4.23619500513419,-17.2819133344101
"ests",4.7266954368673,2.00319357291753,-3.58823718493352,4.24391549437965,-7.58904555104488
"ests",4.76632846113972,1.99535451528393,-3.61190135913047,4.2899096982074,-6.9285234509507
"ests",4.8403187863055,2.02413642782033,-3.71273749317693,4.37383035186871,-10.8965509056772
"ests",4.67612799438004,1.92341858096873,-3.56827178845705,4.2027602805437,-7.08172961888268
"ests",4.63187939577135,1.95120111567748,-3.55030643031615,4.15248312215811,-11.692825506472
"ests",4.84159191422223,2.02274703232978,-3.64813646315262,4.34743356051452,-5.44683467964686
"ests",4.7129024563323,1.98647642649174,-3.6338362139821,4.28053394739548,-11.1693882938104
"ests",4.76499188799523,1.97012651883655,-3.59366022146962,4.23562114132103,-6.07216129198196
"ests",4.72138811104213,2.01126768430916,-3.59869935291669,4.23677506835264,-5.58835040442363
"ests",4.65626790465109,1.93111796813725,-3.54561335197523,4.17048616635156,-7.24256538285544
"ests",4.73811646552751,1.95947611231304,-3.62956988227118,4.26694470086682,-10.9532176750764
"ests",4.74029759828283,1.96979072336785,-3.59558242626727,4.22246412306674,-7.47911977079397
"ests",4.71684518932589,1.97502236651878,-3.59230729113411,4.25575675237206,-5.88977153309362
"ests",4.68682462126037,1.91640898421934,-3.60021975100464,4.21439516104907,-10.9014961038936
"ests",4.68786482486771,1.97711295445421,-3.5787905442601,4.21232695400871,-7.28856503735792
"ests",4.67024275942923,1.94741733118399,-3.5936817134317,4.23012727009926,-7.09642672857127
"ests",4.61686849327435,1.9571371630243,-3.50224902196864,4.09761428396829,-7.59105435210358
"ests",4.69400863238044,1.90108381800258,-3.5702708702081,4.20281096675464,-6.14321794798586
"ests",4.72266202145624,1.98610615994461,-3.57707205726696,4.21051253053916,-8.05550725838758
"ests",4.67837087412813,1.9547802302436,-3.5775667684885,4.2032326630574,-6.7357752702694
"ests",4.67610575348654,1.96696752606301,-3.59374231302442,4.24000277394272,-7.08085248749423
"ests",4.67114940851737,1.98818632682212,-3.60079816504254,4.24156162984859,-8.71132392551326
"ests",4.61966066414071,1.96102733912222,-3.53475432621172,4.15783551100522,-6.48652959868841
"ests",4.79643178379667,1.95211251763431,-3.58872308346621,4.26151145014657,-6.37184174389643
"ests",4.70136074008443,1.96267025759402,-3.58556055498176,4.22295314044549,-5.39900362405934
"ests",4.66026485660267,1.99983814393394,-3.62839503405581,4.26310996998609,-7.86125093249982
"ests",4.6630299502088,2.00650988795016,-3.58647524106756,4.23715964697157,-5.41569735290248
"ests",4.66361630383448,1.97395116320536,-3.5703125361473,4.21527981982058,-6.29516726143006
"ests",4.80831065994871,1.98677177353721,-3.6738559304267,4.34119152142752,-9.10323873876019
"ests",4.77041902312912,1.97200569139304,-3.62614589416685,4.29633417469257,-5.99310172373387
"ests",4.82177785390993,1.9847463643167,-3.61063007044696,4.24824796653423,-9.18260736714574
"ests",4.81035907524834,1.99419838249072,-3.63199014391196,4.27013342976499,-8.93054491954873
"ests",4.69932639941808,1.99868240206588,-3.58487689062808,4.21974077914392,-7.83389324428056
"ests",4.71086333167576,1.92137200308708,-3.5513302300129,4.19815620177528,-4.31502037080455
"ests",4.92041246538612,2.01361987394838,-3.67660578704689,4.37711741194771,-6.57215576883401
"ests",4.67021751711969,1.97120465990396,-3.58065675539577,4.22747746021573,-6.57273183579247
"ests",4.76304121249611,1.98399689615923,-3.56270077014764,4.20100145137392,-5.24959551455119
"ests",4.7656369063033,1.98932149920503,-3.56382384039208,4.21124451256897,-6.28226774380349
"ests",4.85969697438218,2.01468279835553,-3.60055451309875,4.2649001116176,-5.3124692471559
"ests",4.7193333312034,1.95572917433292,-3.55600614802516,4.19902173992021,-4.95338156439399
"ests",4.58494421278973,1.96498321342072,-3.54765203020207,4.16702084022767,-7.79959761422735
"ests",4.63526544138668,2.00314689386539,-3.60180325671661,4.22686764070624,-8.36083883264887
"ests",4.60106980387243,1.97957469038415,-3.55976769427316,4.16498901791915,-7.26982050362738
"ests",4.72354661659898,1.99502149357555,-3.60793551693452,4.25474654432132,-7.71086198756025
"ests",4.63185396522444,1.95175430650868,-3.54504551580419,4.17876271868789,-7.73396641168689
"ests",4.79547499499796,1.96533712880848,-3.61537025711708,4.29994574733947,-6.80783839144295
"ests",4.72708542939033,1.99456204723957,-3.5711912715961,4.20420069030007,-6.89038021962931
"ests",4.71898566531489,1.99271505826337,-3.58277869687658,4.17975106915317,-9.90798780569694
"ests",4.73342289051911,1.9746938382405,-3.59119526162931,4.23862580139583,-8.58327792313323
"ests",4.66929296186301,1.97918622468679,-3.59471125917558,4.24503508459797,-5.7001670152444
"ests",4.72773793757335,1.96475640035994,-3.56702810392451,4.22842777258081,-5.01441837650933
"ests",4.81368729144863,2.04935953970375,-3.58965903496453,4.23997555455824,-7.17413851407589
"ests",4.74630511058182,1.9988026221392,-3.57295021864566,4.22615381616824,-5.99513754465679
"ests",4.74210892555939,1.98718578036329,-3.57822897787062,4.23169192973813,-4.99203753766566
"ests",4.70459022418331,1.9597412622169,-3.56910559956344,4.20033632340662,-7.16776274788864
"ests",4.66655354577771,1.9780297168169,-3.56389445907942,4.18607411279809,-8.33477610054659
"ests",4.65407048806239,1.9859028520077,-3.54808137138891,4.17833062387032,-7.41567756351468
"ests",4.66460729912268,1.93780242138083,-3.56719554304739,4.20462080166834,-5.27214990040459
"ests",4.72587415228552,1.98814982602892,-3.63506006771743,4.28184836834661,-7.89169962826358
"ests",4.6723991130247,1.96439291308879,-3.57146678590351,4.18197020836364,-8.48094817227986
"ests",4.71115862150662,1.97598637809076,-3.61017379699337,4.21644916304917,-10.6732856763501
"ests",4.65604533405764,1.96661847667285,-3.60077061068463,4.24231879079626,-8.54747984273631
"ests",4.76902965424583,1.99591540828974,-3.55646867841031,4.20583667923454,-5.88181631484194
"ests",4.66531831940079,1.98262413145223,-3.57173371077411,4.21026878754603,-7.38056267046333
"ests",4.66314906421793,2.01311013097783,-3.59071180861136,4.22994301524135,-7.37915333677219
"ests",4.71953355308683,1.99520190880518,-3.64383000202723,4.29033856346448,-10.5116867611445
"ests",4.75532713038426,2.00722141058892,-3.60171677329753,4.26437349079825,-6.24292454879086
"ests",4.83738588714329,1.99500409801314,-3.60103544501777,4.26429148687726,-5.95353707859724
"ests",4.62160829735108,1.98242920404031,-3.52567481744993,4.14952470097384,-6.95566696575796
"ests",4.64416867242636,1.93362523840097,-3.55811658073317,4.17311160711757,-8.71438652872176
"ests",4.70059040540978,1.95840923712312,-3.55836821818693,4.17561909049303,-8.54556503556763
"ests",4.73960947119018,1.9455649901963,-3.58165328801698,4.22640342328682,-6.57055114033963
"ests",4.60153147213459,1.98559545950643,-3.52393051158859,4.09668509068696,-6.4982638464554
"ests",4.70189995722422,1.98543116120533,-3.58175997116284,4.2462226817062,-4.33938047145359
"ests",4.7643288568753,2.00679828966161,-3.63576193726545,4.27855443909927,-8.20563825815139
"ests",4.71742290535083,2.00290213216202,-3.56948672402349,4.21591883138504,-6.44435134522226
"ests",4.75915676847553,2.02748933762314,-3.6261073535705,4.28929065306307,-8.86549962589222
"ests",4.69463077198549,1.96718640490857,-3.58718766071682,4.2131414519085,-7.37583326975749
"ests",4.65856193029104,1.96678024698966,-3.5688480947199,4.18550782385912,-8.54833688565031
"ests",4.60748623831398,1.97631943150869,-3.57425745349219,4.22317037351555,-7.97373151219958
"ests",4.66487924421998,1.97155315170472,-3.60209211769132,4.2520837075414,-9.64103460339762
"ests",4.69853178586782,1.94630200160284,-3.56072621281005,4.18843517195535,-8.12086054248789
"ests",4.7198614109891,1.96546769293792,-3.62086785788849,4.23977998110437,-10.6688511763845
"ests",4.65327006545845,1.97085850346553,-3.56109694425794,4.17600594482639,-6.10458812890979
"ests",4.66914671447864,1.99627578699105,-3.56975492314982,4.19517605845555,-7.85282445129065
"ests",4.76424676547115,1.9662303077128,-3.56167536191115,4.19724199194731,-6.2315842687695
"ests",4.67005532592393,1.98166133950319,-3.60561016762571,4.23836426127513,-8.37101723595791
"ests",4.69297576320648,1.98048663088281,-3.59513244813803,4.23056709934089,-7.1931728369014
"ests",4.73196304470877,1.98622700547996,-3.58064712258202,4.21675269099601,-6.15219832519775
"ests",4.5865859999787,1.95129453303462,-3.54313798309105,4.15364474901042,-6.8025078873346
"ests",4.67409756036027,1.94457988990956,-3.56039119494859,4.21657323424891,-6.74645843621558
"ests",4.76322432320206,2.03812834396724,-3.63710023140658,4.31291848174542,-7.97227932459636
"ests",4.70903091719706,1.97923425752413,-3.57161475684643,4.20089689268754,-5.71401789147384
"ests",4.55821561022605,1.97236685868911,-3.5518955213108,4.18325648044355,-5.82936448484693
"ests",4.70446891141131,1.97514974636807,-3.60457171474812,4.24688496506872,-6.882784340667
"ests",4.68579273104049,2.01342719089238,-3.6295409942332,4.25753044049491,-10.4936584535544
"ests",4.7532290094108,1.94272554486649,-3.59434836546649,4.23784891221202,-7.02177935760225
"ests",4.65098575426107,1.92706374983932,-3.5440116524721,4.16807157042386,-6.43551858180205
"ests",4.72180627329128,1.99915306134428,-3.63646006578379,4.30294032326556,-6.62663685430902
"ests",4.69375834338161,1.9816901448507,-3.56792141840159,4.21623724250883,-6.36278806380431
"ests",4.72093193356252,1.98694359346796,-3.58927495268787,4.25939662707044,-6.43162321053948
"ests",4.70813357170316,1.94243272155552,-3.56700181579735,4.21354798954225,-5.87424409185132
"ests",4.72947990424353,1.98081471047711,-3.56731350078739,4.20738253196947,-6.62774295804408
"ests",4.69492038466789,1.96492600045126,-3.56324016941484,4.20005192914991,-5.88832761217366
"ests",4.70823105510571,1.96041866552123,-3.59492248954885,4.27860452589379,-8.6905817043571
"ests",4.73545799635863,1.98106450057735,-3.65061811541705,4.28362431019407,-13.9041420267861
"ests",4.69291933283039,1.94574633264142,-3.55526964468277,4.20389146166065,-5.81287794538673
"ests",4.68036334049879,1.9628528138815,-3.54174437078133,4.19563813773832,-6.55810659163923
"ests",4.8091370845471,2.01615516144284,-3.64043060539359,4.32115899903192,-8.90800578489328
"ests",4.68961951219687,1.9496141400096,-3.59136306501374,4.24446117122546,-6.9967995366542
"ests",4.7691668641453,1.95752464826147,-3.59491876699083,4.21404838411109,-8.09340439145007
"ests",4.74635903367555,2.01684489484068,-3.62187980532824,4.27332951203145,-8.49295826592273
"ests",4.77787284379147,1.99399476091852,-3.60804714387271,4.25489562823928,-9.29671866664905
"ests",4.62479175795745,1.9407646370955,-3.56713436575764,4.18814406308118,-6.46200831658672
"ests",4.76575997959258,1.95718555229836,-3.59779688298536,4.25316195563898,-6.38574977332234
"ests",4.696595952883,1.99438880905129,-3.55717324886544,4.18524846879869,-8.12515505548274
"ests",4.73653667034806,2.00697159437283,-3.62892271024764,4.27860007289421,-7.8458324629417
"ests",4.64430485542048,1.95470953700851,-3.60890239484038,4.23608924510543,-10.886097593086
"ests",4.70277769346466,2.02889482053215,-3.66921103300114,4.32189832393785,-10.2282913955803
"ests",4.70677746994434,1.95052154231769,-3.55954419915196,4.18152704441289,-5.04355820266767
"ests",4.73498817640408,1.94329701391479,-3.54684304057675,4.1525998225492,-8.18390334096516
"ests",4.67314506234284,1.96263083677763,-3.59013326060443,4.23114046729356,-7.55286474345762
"ests",4.7198120247326,1.99857268266775,-3.62452109779634,4.26717020286983,-7.26710061549988
"ests",4.73196132489031,1.93460772778151,-3.59380546889465,4.23031554646904,-8.3087236283667
"ests",4.75838761469441,1.98814116598925,-3.62827587334573,4.29776820507807,-6.95083765473212
"ests",4.65909742535775,1.95381501178076,-3.56463522528945,4.19300670769456,-7.08488742083012
"ests",4.80372597700766,1.97942010205118,-3.64320874906284,4.33317118542963,-6.92327451933857
"ests",4.70654920024744,1.94884799212364,-3.59859566063664,4.2285059345809,-8.61386258178199
"ests",4.64005397622689,1.96648070915505,-3.61140849716711,4.24606685739376,-7.42243993102898
"ests",4.6659769874299,1.99413296480273,-3.59004134365884,4.26779363522755,-5.86365395142552
"ests",4.73086338839479,1.99802820668132,-3.62094511733837,4.29017914928645,-8.00590220064997
"ests",4.76249774033747,1.99444662066109,-3.60716839879025,4.28055278102007,-7.78835195686945
"ests",4.56150477693616,1.90533133740114,-3.46379829457837,4.03832552010221,-6.69025395021024
"ests",4.66760802674244,2.03003561211931,-3.64200192232609,4.28184375409303,-10.0836858292279
"ests",4.63593409430335,1.99035339945294,-3.56932333977022,4.2043810561856,-5.80315526095755
"ests",4.7085852241473,1.94301182962003,-3.58153948654031,4.2197139909315,-10.4937080865394
"ests",4.79660823185273,1.98529364717186,-3.61401856155784,4.27532557737993,-5.83894386086575
"ests",4.65199396252758,1.9743557456626,-3.59727745271222,4.2160083577675,-8.86973574686008
"ests",4.7527440194488,1.99263687523881,-3.59006449239852,4.23713748452013,-7.56179923488322
"ests",4.77427291385338,1.96822130935134,-3.5846941742471,4.24092429169178,-5.935602946355
"ests",4.74283580894078,2.00073842205152,-3.64227753537392,4.2765584343207,-12.0530124992933
"ests",4.71650547332798,1.99842441108544,-3.61232094701131,4.28000975056041,-6.10693511033639
"ests",4.58136128711903,1.95385939972987,-3.51013065883719,4.13119216203087,-3.62145286732329
"ests",4.69877833055389,1.97383898988045,-3.57308238742655,4.2030450052517,-7.97298662795128
"ests",4.69922453768885,1.9984270534447,-3.63659318117429,4.28109393356405,-9.62721341882003
"ests",4.76271814434581,1.98278850721352,-3.61365374425638,4.26979536409708,-8.88585293149935
"ests",4.75494602664799,2.01002035577237,-3.61147494284179,4.27223417360658,-8.61697274002418
"ests",4.7181681916097,1.9685356635321,-3.62547252470352,4.27079253439789,-9.90652056562803
"ests",4.64364267454584,1.9971443773987,-3.56816108495117,4.17708247713138,-9.05304482834794
"ests",4.71463598873151,2.01205149251445,-3.64098145620907,4.26785763080575,-9.28418545333964
"ests",4.68652480224427,2.00241191676146,-3.58620948431542,4.23011355829615,-5.53053064767331
"ests",4.80849699133273,2.01713558079726,-3.62663882074877,4.28979640541808,-8.3474583463513
"ests",4.70444561419438,1.94446765493429,-3.54361685392197,4.15501867827845,-7.45444526322459
"ests",4.67077283390109,1.93205836828044,-3.53941492548017,4.15703156083641,-7.06483708730565
"ests",4.75518761793761,1.98864337385617,-3.57786048153768,4.226371622318,-6.430314642748
"ests",4.70684264126395,2.00131031106317,-3.60378205689412,4.22512496685041,-8.29490498510962
"ests",4.66830742312841,1.97167869059422,-3.54152762658539,4.18089958750018,-6.84578569777337
"ests",4.73365136670902,1.90167493370841,-3.56632220152243,4.19869909087989,-7.72447516188379
"ests",4.71169732346892,1.98397770448162,-3.55308173481008,4.17324817621768,-6.77934217481302
"ests",4.74805129748593,1.97424054863839,-3.59044632405746,4.23142421378748,-8.14230364622534
"ests",4.73320950697444,2.02207654103159,-3.61904970260142,4.29196727826486,-7.72309341420679
"ests",4.79858908687317,1.95542918996244,-3.61178244471263,4.26260810446589,-7.42309187857786
"ests",4.69189481174749,1.97191777094686,-3.5576534642029,4.18192251647121,-7.45879498673715
"ests",4.70492782265483,1.99642210089865,-3.61441038275935,4.259440495079,-9.95032223056442
"ests",4.65991180207643,1.94033491755145,-3.60994215140658,4.23525299912542,-11.2129251684776
"ests",4.62817183452659,1.97699005054973,-3.57646166851623,4.22000773946046,-8.44295401277934
"ests",4.64050130232709,1.98668677684283,-3.53769712755011,4.14157388007314,-7.36365383740837
"ests",4.66786355327405,1.90279618452641,-3.57034165605296,4.1887696635797,-7.53765681698762
"ests",4.70943467279445,2.00639250397189,-3.64364724501278,4.29124795848954,-9.57456697314564
"ests",4.8093329798954,1.99421672356639,-3.60112623866496,4.2492417550738,-8.02349209357541
"ests",4.73882619538866,1.96182176093934,-3.55439076277871,4.20980050402243,-8.09501926496437
"ests",4.74621462764648,1.981688504887,-3.60267997793515,4.25527867754832,-6.93094565870054
"ests",4.72555148676445,1.98562476394447,-3.61727385240183,4.25890315339245,-7.9678306408783
"ests",4.72879915949445,2.01883821332142,-3.59643946615662,4.24272834137883,-6.43252745409007
"ests",4.75164622634798,1.96232591889888,-3.6162008013634,4.24380491004895,-9.32390800225443
"ests",4.68791332015302,1.96970130056657,-3.5682691215158,4.20591147790217,-7.84601421576445
"ests",4.6442961803944,1.95839550171374,-3.61349373708725,4.22347675605274,-11.7473151979741
"ests",4.77406238275771,2.0188492658083,-3.65589801606802,4.32798564392189,-10.5860610512899
"ests",4.72094523187155,1.96869692683319,-3.60561527673165,4.25325809973635,-7.71657006715428
"ests",4.65653847588555,1.96617470979319,-3.55406644762313,4.20573878494913,-6.03444165541009
"ests",4.76386270721624,2.01392063311282,-3.58341522538359,4.22363775409658,-6.89993191818461
"ests",4.67510819802615,1.94755786155327,-3.54550784988173,4.13826655010574,-7.31003840469801
"ests",4.66520073605501,1.98022016838571,-3.56959659061812,4.19134654648385,-6.66465790831396
"ests",4.69988921800655,1.9568787798443,-3.58765508594877,4.23516824711606,-6.17955113918047
"ests",4.74063628499463,1.97024686394652,-3.56214721872997,4.18086303240404,-6.22476554219298
"ests",4.80221615837782,1.98528086386192,-3.60038031063014,4.25836179179425,-5.54988671735383
"ests",4.75816742710761,1.94491255953314,-3.56438171455809,4.20198413871367,-7.20096250640767
"ests",4.71482874747413,2.00426840796067,-3.60034244195284,4.25853102232341,-5.756130234589
"ests",4.804878835095,2.02319353504893,-3.65245646516694,4.30981053603287,-8.65236146594468
"ests",4.82507789197271,1.98124722831,-3.59405746271775,4.25446063531434,-6.57271728881491
"ests",4.77201828943269,1.9682862402,-3.61367814198007,4.29931778239638,-5.82379228949243
"ests",4.69678871135105,1.99381218120082,-3.59739002335591,4.23515957356551,-7.24895029096088
"ests",4.73866456191582,1.98028251840199,-3.57568938493047,4.22725095319902,-5.2176694920232
"ests",4.64971008125063,1.98039757002465,-3.62366657082599,4.26392759269205,-10.7490560039346
"ests",4.70326126182467,1.94833040831358,-3.54014041774463,4.14587645941477,-9.51473352908401
"ests",4.80234812953839,1.99314427406742,-3.63705108018384,4.30837784283635,-7.14873096195843
"ests",4.58969726577621,1.98934285976006,-3.52560664276046,4.15133685988989,-5.87557446557052
"ests",4.57088710635874,1.9617165539894,-3.57503314003667,4.17145176958338,-9.8802356348247
"ests",4.71048053018203,1.96727305428547,-3.5394379939002,4.16698420295148,-6.55071985492834
"ests",4.85532976526837,2.04294410667106,-3.70825350095203,4.39011520381914,-12.7219198237747
"ests",4.77066261495403,1.98926880492227,-3.61166454494761,4.25862104663868,-9.41139435777885
"ests",4.64429762998305,1.95959391846456,-3.55778158890655,4.18061691654212,-7.55064972151614
"ests",4.61926118757751,1.94609937260176,-3.55415784113985,4.19045370410008,-7.18007919327825
"ests",4.66499447283689,1.94899430812961,-3.56621533432976,4.18304477907384,-7.78603897958025
"ests",4.64250572634617,1.96395472831792,-3.59454898277227,4.21971400467346,-8.93766365692262
"ests",4.78247016924198,1.98244718344414,-3.58592591685347,4.23469107991705,-6.93233034319209
"ests",4.69064475444536,2.01104351685341,-3.62337456790881,4.25006063759274,-8.80962283716816
"ests",4.72381989680835,1.99277245350863,-3.58840456747214,4.23463176563251,-8.07191699518892
"ests",4.65035883264105,1.99585354584322,-3.57980738475792,4.21179271992176,-5.28789397309831
"ests",4.64697916760063,2.01922895263935,-3.59834681986033,4.22328966210769,-9.82962751610067
"ests",4.66531563623628,1.95718596225186,-3.55094933942848,4.18666687958439,-8.55050124983692
"ests",4.72293105085019,2.03486571149207,-3.59328982213909,4.2321350661537,-7.89543847928354
"ests",4.75542040581394,1.99241279705939,-3.61835515828569,4.28054497605839,-6.81472096639167
"ests",4.74263273533268,1.98474985508927,-3.62848951702594,4.27694424995346,-10.4504850246537
"ests",4.64316673612714,1.94739659448048,-3.5669600154723,4.2145195807069,-6.99752338633387
"ests",4.85621241323996,2.01388882504422,-3.63580332731886,4.32178553297384,-5.99052864824117
"ests",4.68929542351278,1.98252056947286,-3.55212605436125,4.1781457729945,-7.11175889869499
"ests",4.74453127168041,1.98677651306876,-3.6062035984738,4.25013826305363,-7.66276593860611
"ests",4.75658614697656,1.98916033718069,-3.6631690893106,4.32774334826021,-9.73870955541607
"ests",4.70951340153372,1.96468514944556,-3.5756020159978,4.19633255640755,-7.83705606474914
"ests",4.72574682201275,2.00616302884422,-3.61234026314239,4.27736913234246,-5.92258069239536
"ests",4.83441656002012,1.98780245062094,-3.58752861725824,4.20096016847596,-9.18372774762025
"ests",4.78542853696097,1.96550410125638,-3.66495085958528,4.3163820381514,-11.0465402084718
"ests",4.74790403941966,2.00533799290492,-3.61615993345014,4.2787458573348,-8.94491714343599
"ests",4.76257683273229,2.00616096350213,-3.54956152823768,4.21762691921254,-4.76186895094428
"ests",4.68237451303946,1.94078609484828,-3.60456706029019,4.25695779632902,-8.00233469422125
"ests",4.71523668633421,2.00305603490266,-3.62646300496603,4.27259636674096,-9.65783338901718
"ests",4.8082061889731,2.01786443007376,-3.64394858397985,4.31536846028869,-7.05576586223144
"ests",4.71594989471777,2.01077846863653,-3.60644247142203,4.24856766600529,-7.91494514028897
"ests",4.69204935751594,1.99428161871533,-3.59119814550361,4.24101274483213,-7.99793231772835
"ests",4.71718342362392,1.94596742964616,-3.5559865155493,4.20030987876782,-7.19111636454446
"ests",4.53794522322351,1.93987358708817,-3.54432453973645,4.14801576147979,-6.82031454190247
"ests",4.85249980819213,1.99774776397917,-3.68384033116155,4.37542541831731,-9.07591747520327
"ests",4.67387949934242,1.95021821179022,-3.54303946983223,4.1519795766667,-5.94205836591263
"ests",4.7833706705965,1.96769076643438,-3.60330077655497,4.25965581646228,-5.28345567569712
"ests",4.76906248881808,1.98551970017726,-3.59998084722027,4.26738142627463,-7.69779234067371
"ests",4.77219617586923,1.97727487230807,-3.55742056623154,4.18343342138751,-8.71467982505212
"ests",4.78235212210574,2.00277654174689,-3.58551803873545,4.26282454567706,-5.53563043121327
"ests",4.80120919602594,1.98258569192355,-3.59837837880986,4.27449221974175,-6.18381366326821
"ests",4.66824437215402,1.98106990595694,-3.58426399079318,4.1937507828309,-6.55864877709399
"ests",4.80344483187017,1.99903789821818,-3.64608893333361,4.27214230979248,-13.6452532231049
"ests",4.65914013973777,1.94150461122701,-3.58158598385561,4.19334983714302,-11.9594941447532
"ests",4.65486828168847,1.95151242598477,-3.59936965222206,4.23097503976012,-8.99948901591274
"ests",4.72151144401124,1.98558997936862,-3.59670140109744,4.22619126322314,-8.6816965213398
"ests",4.77821550871622,2.01220550910598,-3.6363129784854,4.2902727882901,-8.28427021729655
"ests",4.68949358126589,2.00668392368194,-3.58952786180492,4.20628516573072,-8.56284721626734
"ests",4.76303135270161,1.97197291879048,-3.62746673007167,4.26901404934481,-7.61410064508443
"ests",4.8536513680795,1.99562114704897,-3.6614176458852,4.31978643457114,-10.1354657488781
"ests",4.81106154629343,2.01922965636733,-3.6743645470886,4.31927105381001,-9.97892376893448
"ests",4.6794669210466,1.99584870521727,-3.61708652856135,4.27172735631434,-6.05938048743003
"ests",4.71301159172177,1.98425126115061,-3.61118811547678,4.2570118789217,-7.13407125150537
"ests",4.68201516192075,1.99748615140879,-3.57150434689214,4.20787296162792,-7.54921328040134
"ests",4.76567735305768,1.9742040525712,-3.5869801834362,4.24436612267036,-7.30895182658624
"ests",4.76964837204658,2.00219727204969,-3.65346365354763,4.32219315795871,-10.8309398831896
"ests",4.63964655125505,1.94891321225313,-3.5297957061659,4.18403060327772,-5.44891190337199
"ests",4.75254043061912,2.03589927233539,-3.58707369464709,4.23354617860143,-9.85522048524104
"ests",4.69200087827451,1.96613038931581,-3.57487825302022,4.20974476483635,-8.88670601244556
"ests",4.79379756553892,1.97310854114502,-3.56573173679761,4.22715872057918,-6.30142971751939
"ests",4.65149321488173,1.98040124014379,-3.60703674123856,4.23684693420087,-8.45087896775828
"ests",4.63308395937523,1.99815822879881,-3.55820585984635,4.18589258616295,-7.28144660359761
"ests",4.65303595946462,1.95963249345645,-3.58062364821618,4.21607602054683,-5.60985066680568
"ests",4.59034539432965,1.9857111202009,-3.58549738744022,4.19921840623508,-7.42396715758008
"ests",4.64201942859484,1.98058759285214,-3.65358423159708,4.30866085361513,-9.80072720674508
"ests",4.7102418468097,1.97459449422435,-3.53547720978386,4.19014140533914,-6.35744112292749
"ests",4.73747486244762,1.99198138457956,-3.61601249117272,4.25686560345444,-10.511833266448
"ests",4.74827235627376,1.98478414629561,-3.56553149911529,4.20390253729219,-5.00084831974983
"ests",4.83258643549465,1.99463598266128,-3.66454711625174,4.34866706533082,-8.60716984555844
"ests",4.63374858645997,1.92888554243805,-3.53811290837669,4.14942359826623,-8.69996574697782
"ests",4.7758681474626,1.96145481693195,-3.63179600373315,4.26127015745232,-8.74887197819605
"ests",4.77855478284443,1.98232457415467,-3.61358189661014,4.25960463887097,-6.60578623155481
"ests",4.64206736467462,1.99885945191261,-3.60315963437459,4.22581460734646,-12.4124938897558
"ests",4.69993758071392,1.96213954858722,-3.53497046285433,4.16729792119855,-5.25247336962194
"ests",4.68998376065628,1.97031287301912,-3.54795431056746,4.18059169175891,-5.35259408637376
"ests",4.61880979985099,1.89448436305363,-3.54068560267076,4.16016971393174,-4.73194024187988
"ests",4.6800866472335,1.99509525531076,-3.55633460903919,4.19580913011629,-6.55079427662387
"ests",4.7154634235121,2.01523112630993,-3.61892896211865,4.28853652206246,-6.32030665992127
"ests",4.65083643286198,1.98352281427932,-3.57668064899416,4.22293532840944,-7.6264498125967
"ests",4.6313275993597,1.93370171328791,-3.60835329321427,4.26480276397383,-7.1738925528129
"ests",4.75182836656131,1.99021274697871,-3.64077867027387,4.30597754248841,-7.05830778631415
"ests",4.68329513648992,2.01605413918562,-3.59927374121138,4.22753029936629,-10.5374369756459
"ests",4.7184845258668,2.00547133220795,-3.59064553384113,4.25188390896822,-7.28931646505348
"ests",4.71806919649531,2.02038215011119,-3.64068637199511,4.26063552340329,-9.63400419484378
"ests",4.8577596512865,2.0594690078698,-3.6535675970052,4.32399474945672,-8.43695493412203
"ests",4.70211419027815,1.99735445184309,-3.5740050581026,4.19655888640464,-7.38579349067899
"ests",4.66415588162919,2.00291284976355,-3.56679339165028,4.1900992680797,-8.83144158647974
"ests",4.72619580142354,1.98975342639009,-3.58178080669446,4.22462658429672,-6.87931788038199
"ests",4.73562867163469,1.97206960037682,-3.5687848871269,4.21594943281998,-6.72184992421115
"ests",4.69628873663535,1.99845197932649,-3.61623010752675,4.23825663716253,-7.42907286893012
"ests",4.68254988471646,2.01301905518286,-3.62156474025043,4.26638857373107,-9.30459640786201
"ests",4.80052325329487,1.96108705969512,-3.60117283000882,4.26639734941828,-7.03774562437657
"ests",4.79795333926728,2.03534335231663,-3.65672866261356,4.34137821875387,-7.14239352551017
"ests",4.83840474616906,2.02348605700739,-3.65616760964228,4.34729225763189,-6.62960938957694
"ests",4.75373552316217,1.97297167204299,-3.60041139606714,4.25272029026905,-6.5426505515343
"ests",4.66667754448287,1.93466740105821,-3.54392792171714,4.18044064275875,-4.2070155084293
"ests",4.73467601518471,1.95019360549561,-3.59359467804484,4.23100580979113,-5.92220852854693
"ests",4.68591480416086,1.98439272926958,-3.59999236370845,4.25442900289801,-7.20526242381917
"ests",4.74802912343435,1.98645050601131,-3.59634294353735,4.23143532312522,-7.88890501398949
"ests",4.67464560205578,1.96647650496659,-3.55047851754833,4.18436085428447,-5.86078386092857
"ests",4.75748541390153,1.96352285009988,-3.58809617065762,4.23393562587846,-7.80761598333478
"ests",4.72805494604844,1.96625916166281,-3.56659904866526,4.19293045904617,-7.51737447849344
"ests",4.7206450883885,1.97866673613728,-3.6120466285079,4.24225407758815,-7.2961713786359
"ests",4.62279123336519,2.01217671613464,-3.56188091908052,4.15538932184615,-12.2457062985675
"ests",4.6905674557908,2.00034163528053,-3.60884408068465,4.23974310906845,-9.36547461087975
"ests",4.74863303247254,2.03136585878459,-3.61456533871371,4.26443796221821,-7.86763326809431
"ests",4.68201661826362,1.96699935055729,-3.59075019247497,4.23241388536574,-8.46338415597401
"ests",4.68749924571662,1.95538039629465,-3.58842004753627,4.24417102138723,-6.46032785368667
"ests",4.70554976340623,1.97840925106798,-3.59882920502551,4.26857291927253,-7.26092274768408
"ests",4.76823859686752,1.97401933025013,-3.59334745367661,4.23468092343388,-6.16516271073353
"ests",4.73441734091917,2.01587340520412,-3.65434086819521,4.28501139678347,-9.96135792611778
"ests",4.70022875348735,1.96496415809372,-3.60838475341777,4.26592075688514,-8.29027041506229
"ests",4.65913195089182,1.98879277488294,-3.58820987411554,4.23855092149196,-7.09140778920124
"ests",4.64948910794753,2.00254803650748,-3.60437341821258,4.27118649123391,-6.11991416654728
"ests",4.73795933300052,2.02463255556333,-3.61879425242656,4.25770022192683,-9.02034582836142
"ests",4.70809092692596,1.96062309972908,-3.62144688787707,4.26605883410989,-6.5546952076019
"ests",4.69238640207144,1.99251690314964,-3.59637184526095,4.24159003394341,-5.20354024269776
"ests",4.72817394894007,2.03199895777432,-3.58129027536721,4.2225017116126,-6.1879347123791
"ests",4.73241457215077,1.95395109920521,-3.56600272937962,4.21074189490913,-4.71774801898954
"ests",4.70380863538427,1.97722671263425,-3.53054251367946,4.14539113523003,-5.72936892140238
"ests",4.68876592430803,1.98237151378878,-3.53946372745091,4.18434864610441,-5.92717370892139
"ests",4.74217383501399,2.01960779029442,-3.66766108687628,4.33895006482413,-8.05181877445009
"ests",4.66011643687821,1.95496862030446,-3.52030743321603,4.12653393641541,-5.30741415093233
"ests",4.72707122749259,1.97166918241602,-3.55747055970366,4.20343478384816,-6.19646451729382
"ests",4.66388893871072,1.97415628777493,-3.55739390486478,4.20284914868267,-4.45720154808785
"ests",4.71352488593486,1.94828410945299,-3.5742944822644,4.21244425395631,-6.90724635412855
"ests",4.77138256126412,1.95746762987464,-3.60077174646463,4.25879779281016,-7.54430024046632
"ests",4.70860242361527,1.95193782050844,-3.56905502420791,4.18897536971784,-7.91881790487357
"ests",4.75672502843852,1.99835768120811,-3.62506085487694,4.28134852853946,-6.96681125013581
"ests",4.59770660585472,1.93131884550026,-3.54747865931551,4.16619889313856,-11.4248583907474
"ests",4.72131852171075,1.94141749326914,-3.56751167236898,4.20437264225007,-5.71463162379324
"ests",4.73872151189135,1.94193846664624,-3.58545033950886,4.21355076488874,-8.35692955944324
"ests",4.73894415710579,2.01843989845119,-3.65006086971153,4.30490146339941,-11.7669566226453
"ests",4.59513611605845,2.01169195130967,-3.58932851628453,4.21582467269507,-8.37598431426302
"ests",4.73746801685573,1.99450073869782,-3.58644179054294,4.23875634994307,-6.78579435999371
"ests",4.59773537302247,1.95563458260367,-3.59947950923045,4.24066646463561,-8.7796435815004
"ests",4.6764158573572,1.94830912064018,-3.52877251206821,4.1597113681738,-5.70039234899111
"ests",4.77939803861785,2.00986936677664,-3.61435977999821,4.29222922896101,-6.76602785576461
"ests",4.64006780137512,1.96300096095467,-3.5385402011076,4.16388085759434,-6.34353854877738
"ests",4.70426903997166,2.00769829760359,-3.63759754304217,4.30370217324597,-8.20928723882439
"ests",4.6569367477357,2.03752699621923,-3.61119395282532,4.23807287227578,-7.51268117664286
"ests",4.63960867300486,1.98567049569099,-3.61320494797576,4.22267524262616,-10.5629868306391
"ests",4.68230685626451,1.95913454623986,-3.63994127832039,4.29256282892741,-7.50581846673724
"ests",4.72220430195601,2.00171862274702,-3.60826589629383,4.25758344941915,-7.57112295458502
"ests",4.75767345348998,1.98510923327517,-3.61030059032432,4.2584309790714,-7.71298039208187
"ests",4.78158506583369,1.96150814036806,-3.59334061508898,4.24088588503612,-6.46727705527134
"ests",4.77103216568611,1.96020162454016,-3.62961825258537,4.30506943937695,-8.07851951441457
"ests",4.7190113016083,1.98186219956869,-3.62266162217543,4.27311071774069,-10.3544233494082
"ests",4.71990113447985,1.97163284072755,-3.59095031317367,4.21546498666607,-8.30238582362382
"ests",4.56544708564827,1.95173026775452,-3.53751762678556,4.14688418329943,-6.83821089128749
"ests",4.66682702455476,2.008576190947,-3.60862464468828,4.23812447223188,-9.95495660980144
"ests",4.70808263098789,1.9701034115295,-3.5704099972585,4.20961288796601,-6.6844907685215
"ests",4.66324219895697,1.9527599198462,-3.54374771338511,4.17632809984785,-6.08949507201356
"ests",4.72922556344128,1.98923903908306,-3.59255904399775,4.23169855378324,-9.59289531523841
"ests",4.70639104945429,1.98948164632681,-3.58769972011429,4.22897409998797,-6.1518162267047
"ests",4.62348249772018,1.99659643037094,-3.55066133337196,4.15082310020407,-6.52941928553722
"ests",4.75359903164125,2.02339541029681,-3.61621227137511,4.28768735322003,-7.57925423217251
"ests",4.70130771904127,1.9782705986429,-3.56928377117876,4.22187535189028,-5.544183635033
"ests",4.7801988251646,1.99346311420995,-3.58138261184406,4.22493787399137,-8.66005694155469
"ests",4.68678985895939,1.96643942817863,-3.55979802472816,4.17385741181934,-8.11826515036717
"ests",4.79731790800055,2.02858431793907,-3.64429418846069,4.33573527661873,-6.35770526945368
"ests",4.62251056119772,1.99904367093884,-3.62624823219064,4.24971006538558,-9.74707477127765
"ests",4.62859251861756,1.97330853169515,-3.5657693798784,4.1678581149735,-11.1580057852316
"ests",4.62356521292997,1.99530191299596,-3.61240953475341,4.28291297502256,-4.21385829954781
"ests",4.69931527551566,1.94630692224275,-3.60244824928396,4.21287583756659,-9.85565496864415
"ests",4.75018639904473,2.00755800084985,-3.63301110224905,4.30758736338395,-5.96994090077037
"ests",4.66649001503917,1.97952965895007,-3.59322037455772,4.22189976276666,-10.4117212819986
"ests",4.68185197784387,1.98094513480565,-3.58568044718065,4.22261519618733,-7.69646857271628
"ests",4.74437115618631,2.00073637544031,-3.57851604743096,4.26176384923872,-6.24551339364597
"ests",4.73029547549235,1.98914202777357,-3.5951411644472,4.23253719387371,-7.35431645636623
"ests",4.77561416657555,2.02340953444941,-3.59594700716851,4.22886640830295,-7.8581240951276
"ests",4.77314779826898,1.98967711876911,-3.62840792804119,4.2875088996838,-5.19092791222321
"ests",4.73404958562808,1.99263706947364,-3.59950505411189,4.25926296611632,-6.18060668111703
"ests",4.71299287052083,1.95674090851494,-3.58703900799117,4.21634054057149,-9.02546210565413
"ests",4.80844040211076,1.96529841209127,-3.60345505709605,4.2808307839729,-5.6452770955122
"ests",4.64362040510595,1.95285041156282,-3.57782957360373,4.21063441378356,-7.03937142384374
"ests",4.7446274594559,1.9736568898822,-3.62012275500376,4.28428135287832,-6.67052253724782
"ests",4.80635274372653,2.02115483259764,-3.64055011948185,4.26569444412597,-10.8916656517445
"ests",4.80193768602666,1.96229026892926,-3.57298774724965,4.22642590187424,-6.72700328664264
"ests",4.76555509697868,2.01423813996894,-3.59127781945656,4.24932621886806,-5.64484568832359
"ests",4.72190872792933,1.95542710420291,-3.64488033054592,4.27891307011286,-11.5043918074448
"ests",4.6666491938183,1.97677328752911,-3.5448482495843,4.16562021910965,-6.28180636182708
"ests",4.61239674689388,1.97807717882614,-3.51978284032773,4.12868380538396,-7.56783574390895
"ests",4.65670399486338,1.93858938205689,-3.58287244546002,4.18704721042662,-6.29674170207513
"ests",4.78763442916017,1.99979680751126,-3.59555765214842,4.25446157165598,-5.039305663796
"ests",4.65549101661111,1.9495170648991,-3.56656493860574,4.17630919790224,-7.74540748814486
"ests",4.74249870371588,1.98016591012255,-3.57599583197133,4.2116713411185,-7.53344662995227
"ests",4.69164906959651,1.93851383523459,-3.54427144486366,4.18387761166792,-6.25202934390587
"ests",4.72437520434434,1.95840867022164,-3.5645395245761,4.18964363618291,-8.21479225671562
"ests",4.74424571584728,1.98052909480435,-3.58959295026991,4.27779713092032,-5.5240003155679
"ests",4.74958152126215,1.99251699297792,-3.59606778568779,4.2185822269132,-10.47304802221
"ests",4.74573837903231,2.00843843049264,-3.58223403327615,4.21759995541922,-7.64108232834491
"ests",4.73983972650348,1.99844785133577,-3.59728711223456,4.23794963999781,-7.34060302056071
"ests",4.63318650389159,1.9453999649623,-3.48668120835454,4.09753786945174,-4.97272382457717
"ests",4.70487910211521,1.99883574364062,-3.59571825204242,4.23121326146812,-8.49617717941253
"ests",4.7102181415253,1.99315998306088,-3.62158165546468,4.25936697334756,-11.8080598640363
"ests",4.69891238247113,1.99482426821198,-3.59899934521918,4.23247833384457,-8.20700393687021
"ests",4.76233088246619,1.97760932477176,-3.65244415122604,4.32784655532702,-7.87245058705011
"ests",4.81227693585061,2.02279248147719,-3.60688390106252,4.28443784908733,-5.28998761910073
"ests",4.68592783339882,1.94093980397007,-3.58357013834245,4.19337896724913,-9.10502987233607
"ests",4.6875723005449,1.98992321280813,-3.61875423942362,4.26287274255409,-8.02773531144605
"ests",4.75406488669819,1.97797316064263,-3.57266913822304,4.24775528802036,-5.46838751063452
"ests",4.68215631886069,1.96731309363344,-3.57985599427876,4.21767091485801,-8.3540947028866
"ests",4.64617154600955,1.98972405582375,-3.57500264997524,4.20335420031835,-7.58098739522302
"ests",4.80010593900504,1.99865139595094,-3.62445231911467,4.26851159749031,-9.39923775223743
"ests",4.74511158251953,1.96320497688055,-3.63419558227721,4.27112573565768,-8.2984206964238
"ests",4.77405668185996,2.01908612956012,-3.64164262860335,4.32333488738082,-7.64208107422127
"ests",4.81050808635011,2.01144339115977,-3.65060289752152,4.30449552741456,-7.51757497049753
"ests",4.58833450432087,1.93086954927761,-3.54012081708893,4.1654934939022,-6.87720683834422
"ests",4.74326377801536,1.96731084220982,-3.58033022027945,4.2317424500485,-6.54700529395929
"ests",4.71754130226653,1.9887443940271,-3.52746828038197,4.15064203802454,-6.16901855283651
"ests",4.66965429574734,2.0114296646774,-3.62726449892035,4.26345988973152,-8.72696390008372
"ests",4.69784524978007,2.0123467259178,-3.61980966430447,4.27884550150973,-5.60967089066689
"ests",4.73529429297376,2.00530408585871,-3.54277131904449,4.19130977449883,-5.43330093243031
"ests",4.78238294751471,1.99336601596202,-3.60709606401271,4.28599522430688,-6.3317014565751
"ests",4.69485082657494,2.0120814548437,-3.60015768496654,4.26003967118786,-7.2242569830333
"ests",4.71957656511588,2.01282075032595,-3.5907325272183,4.21923232050412,-9.91977342586203
"ests",4.76808060387769,2.01134981746785,-3.60907543052083,4.28326517313355,-6.52204312685094
"ests",4.57746840885186,1.89579571912267,-3.48420321632262,4.07939083007685,-5.86751897218676
"ests",4.7240164406873,1.94358604734535,-3.58034882003408,4.21518406635467,-3.68733141076913
"ests",4.73682861797614,1.94162268652654,-3.61677598138566,4.26182452804087,-9.06610139083824
"ests",4.68745815215992,1.96760102530089,-3.61193939001129,4.2614428818412,-8.68816251466455
"ests",4.62202321960156,1.96336064986145,-3.53984900193085,4.14938591854456,-5.93511491465165
"ests",4.71199788638937,2.00817768295204,-3.6150338528005,4.27584777056735,-8.07852298576144
"ests",4.77815191365502,2.01473738997666,-3.62260178686164,4.25944962984346,-10.5742697407745
"ests",4.61088033357491,1.96576404171223,-3.55441935452554,4.19440047635556,-5.84594996454289
"ests",4.73911359107284,1.99206854938503,-3.64623065830104,4.30723178722954,-10.2915757236384
"ests",4.61717807462333,1.95617918185799,-3.47992098320266,4.07145676951482,-5.56990326723367
"ests",4.82956924230734,2.00095274959313,-3.59271511904546,4.24222203108495,-7.00496018187266
"ests",4.69056685410826,1.98513366546863,-3.58963862343915,4.22493957458247,-7.45398773108517
"ests",4.63408825664323,1.99735963361945,-3.58006871408667,4.22673524705628,-8.22614980303949
"ests",4.65631070808037,1.9981815257264,-3.5634756720058,4.18010807634824,-7.94084901250044
"ests",4.64585795548957,2.00890983476909,-3.56114375711447,4.18512916480808,-8.18732462403475
"ests",4.6908897566928,1.97898739992304,-3.63864329192014,4.27368499698037,-14.7474150046524
"ests",4.60655178649606,1.92693035232109,-3.50511456768467,4.13696552498245,-6.8273123530107
"ests",4.62388171103415,1.94497180015861,-3.54559355206593,4.16521447614008,-5.7096844205367
"ests",4.69782952722722,1.96745578737336,-3.57607520595802,4.21801624689261,-9.22227617035494
"ests",4.76358202289119,1.96387605455974,-3.60653986534982,4.26131806497216,-7.84637709272859
"ests",4.74045074511538,1.99741563568564,-3.61513356938148,4.26120878442149,-7.89656278966186
"ests",4.75977442786191,2.01282644870825,-3.64543211932091,4.29572941018696,-7.25138609890418
"ests",4.56818096030691,1.99775011797126,-3.55031417077222,4.1497164418926,-8.8964768452574
"ests",4.66162977946521,1.96922409812101,-3.58794334826959,4.22985805495844,-6.93481783162808
"ests",4.67893876184321,1.97021596494069,-3.56381610639208,4.16825287052861,-7.9555295216013
"ests",4.75515918486115,2.01115797066836,-3.62186395305575,4.25913953716473,-9.91228227077626
"ests",4.77149552843767,1.97860148149179,-3.6290247827973,4.27098664217732,-9.92359112244179
"ests",4.85774802713673,2.03448262707914,-3.64489579147022,4.31515427083926,-7.11534708084469
"ests",4.77941191927991,2.01337515420695,-3.61374488239151,4.27403702609569,-8.74617361562059
"ests",4.82062060782171,1.95666196412303,-3.59412191011766,4.252304197384,-5.57011413943608
"ests",4.69425826716268,2.0019961757513,-3.5605903944235,4.19710141855394,-5.85358384314713
"ests",4.65637229132057,1.97014774661955,-3.53906680568408,4.16006648415343,-7.54679435034476
"ests",4.71781451777642,1.99861607674412,-3.58242977188218,4.20542616167238,-8.15571232239888
"ests",4.72048574353037,1.96792187958608,-3.59086588825043,4.23364774422661,-7.80479383044877
"ests",4.80462840645334,2.01851509952454,-3.67326389694038,4.31968031826538,-12.3094963754839
"ests",4.69916990684137,1.99864261066851,-3.59207962766878,4.22211878634077,-5.88349357245315
"ests",4.66998023102916,1.97603409258366,-3.54438899017562,4.16395002251911,-6.85594537414779
"ests",4.80435670181053,1.96584276692405,-3.59942847950571,4.25553853220593,-6.80053720215383
"ests",4.68366172462569,2.0195166750774,-3.57280943657014,4.21312321034758,-6.74262669007689
"ests",4.78929478271253,2.02461777707952,-3.62877182600263,4.29290417372195,-5.47706056031711
"ests",4.60116014582102,1.93436483002228,-3.56019566248974,4.17729666945932,-9.08551782172382
"ests",4.78147796351806,1.97013096546561,-3.57905200976203,4.21278843835155,-7.46375808193954
"ests",4.62110763715732,1.93062778425863,-3.53568858295749,4.17513054533376,-6.65293892710552
"ests",4.68482934625943,1.98888083452009,-3.53207978705216,4.17234731920386,-6.64583139502514
"ests",4.82499552281016,1.98423874768452,-3.64084553829134,4.31056609959669,-8.44199227376893
"ests",4.86079723190497,1.99558014196234,-3.61444821452545,4.26670637944142,-7.92267664573515
"ests",4.59547160380648,1.95853465713863,-3.52989828970725,4.13638759866771,-6.74931587114836
"ests",4.75011047184665,1.98801600528866,-3.64565200918976,4.28655350769593,-12.1008798683905
"ests",4.74867308923568,1.96982413431211,-3.58380344434143,4.22250476855621,-7.30525266512871
"ests",4.7356267116403,1.97240574711854,-3.55403133276026,4.19051646034921,-9.05946250443229
"ests",4.68651003649978,1.99427469606357,-3.57571790500016,4.1996888790389,-9.15114076756665
"ests",4.6441668898566,1.95235180036054,-3.54156952955835,4.17400110399125,-8.08654896950969
"ests",4.76569614811168,1.97668358886818,-3.58966971168802,4.2559596537688,-6.78181039765351
"ests",4.67399473897072,1.92333978701112,-3.56871685269871,4.22280946915213,-5.69473634076041
"ests",4.67618259341023,2.00403875335932,-3.59761812221644,4.24026671483603,-6.78069241385495
"ests",4.73525662418424,1.96690686158477,-3.59106052492406,4.20126769183249,-7.95758545752928
"ests",4.6688349273973,1.94488778221787,-3.58488386041768,4.22267782047845,-8.04677817883474
"ests",4.73809226911635,2.00033845344933,-3.62019855411988,4.26938602620555,-7.55641567537124
"ests",4.81407281203402,2.00511347299379,-3.66740455259279,4.31513867339055,-11.0105468644822
"ests",4.64439937082086,1.98889763028758,-3.5790225082748,4.19241484420848,-9.92477063431579
"ests",4.73663672517604,1.96461250768195,-3.56300548711284,4.21114163228628,-5.49460511082103
"ests",4.66285518146248,1.99568237181482,-3.59480310775128,4.26252741670637,-6.36342510116735
"ests",4.74406116828589,2.00953667773549,-3.60174807257033,4.24922560839316,-6.14634349773955
"ests",4.63795655413638,1.98406488978906,-3.5692607021323,4.17871330310267,-7.6305419821973
"ests",4.78380498738757,1.98522376119215,-3.61494624780921,4.27040838171506,-9.13327787018124
"ests",4.65984858505475,1.99095686087018,-3.55187208878955,4.18536383536038,-4.22255632534814
"ests",4.71455163325919,1.94629341622215,-3.54988578518236,4.16554786910547,-6.64789976270379
"ests",4.78541008092313,1.9621294652123,-3.6259917887334,4.26837769123361,-8.99223021877618
"ests",4.78283471300118,1.99448609801585,-3.63908186116546,4.31818278767607,-5.80714191458003
"ests",4.63877656787223,1.90473509678451,-3.5260200836243,4.13139520758958,-7.27242778227815
"ests",4.87097813620248,1.9898264018914,-3.67420762750177,4.36304362939872,-8.62104144651133
"ests",4.78677729690397,1.96994486680566,-3.60856292830537,4.27052060908855,-6.96303474154145
"ests",4.61710528966946,1.90011053566845,-3.54061681447135,4.18169488860128,-6.1331750072639
"ests",4.61028853435011,1.98604283139221,-3.59553220162324,4.23362044974209,-7.16148613634702
"ests",4.61617786957837,2.00961871661558,-3.55335071763673,4.17413928358093,-9.53334578948692
"ests",4.81969385703673,2.02797201870665,-3.64345629019026,4.32607810296922,-5.21972040528421
"ests",4.72657257029618,1.96117331930374,-3.59318295566101,4.24463341550577,-7.12595731095788
"ests",4.7354664879084,1.98240046056224,-3.58058132471824,4.23470114350213,-6.54728763548698
"ests",4.72426260480278,1.97822276704285,-3.57941239451115,4.23110765505362,-4.53612671040474
"ests",4.76412462845013,2.01800214135208,-3.58426513178513,4.26693716316963,-6.07904479163325
"ests",4.7395049821511,1.98358643787484,-3.58985992452876,4.21851056779946,-9.01215637253046
"ests",4.74105690668261,1.96597691696653,-3.56622636021314,4.20491052904013,-6.76634884987158
"ests",4.75081827722637,1.99240198383162,-3.64471948101463,4.31295787335604,-5.94069596814897
"ests",4.73007881416047,2.00090383559767,-3.57305532145436,4.21303917858578,-6.72198219839842
"ests",4.70146078240459,1.99516364132937,-3.57690119892729,4.21848498576366,-6.80297337503941
"ests",4.74928052585834,1.95922770590304,-3.60170440704341,4.24359035280187,-7.51251322424116
"ests",4.68586924653187,1.97500336747967,-3.62686596667937,4.28271798478658,-10.7274447147562
"ests",4.68438607013067,1.97131361458122,-3.56514091214751,4.20386528780863,-6.60067792856484
"ests",4.77803294706503,1.96846971780586,-3.60101321605179,4.22157220518801,-7.80192124356941
"ests",4.70993477127956,1.99306984098882,-3.57944049548351,4.20560513363839,-7.0063518103263
"ests",4.64340146785674,1.98196313393732,-3.52748095438731,4.13077742655036,-7.43774764672565
"ests",4.68804248068026,1.96629919284388,-3.58293614323313,4.18702804675557,-6.64202601947907
"ests",4.83457388462832,2.02657154838954,-3.64943076843223,4.36074034028232,-7.04593139555894
"ests",4.70032723640914,1.96080987788528,-3.55060493999832,4.18802468632028,-5.12571815262951
"ests",4.7640335470265,1.98834388792335,-3.60850639707137,4.28132432384489,-5.8083348706204
"ests",4.8048929052637,1.9399079284438,-3.55775319742921,4.1884298376889,-8.99799484902624
"ests",4.74194750429703,2.00016789033716,-3.62265199970822,4.25950420561756,-11.8380312879148
"ests",4.7516758442203,1.96190259335265,-3.59491174103147,4.24486243874841,-4.41863639997796
"ests",4.75372785049293,1.95370182587171,-3.57153110479828,4.21602992273796,-7.11473254503413
"ests",4.72402021248473,1.99599568160036,-3.58333665139249,4.22692919778104,-7.72648915417479
"ests",4.64238402052994,1.97162313335664,-3.57817042778003,4.20956508335703,-10.4634110893314
"ests",4.67565830722839,1.9389133400688,-3.5488773294416,4.18153258625623,-5.85378569076642
"ests",4.68885111160097,1.97930763690766,-3.58021933903439,4.19696741625313,-6.20192265065972
"ests",4.63340888347704,1.94690075149492,-3.55834696483055,4.17964466135878,-7.2778597986981
"ests",4.85114253785595,1.98451293950043,-3.66467938654815,4.37251703410221,-6.26910184460197
"ests",4.72870101093874,1.94856784052817,-3.61966821789308,4.25007243052091,-10.6168082494601
"ests",4.63571543544031,1.95829404502798,-3.56778414228928,4.19316433177886,-8.37770641387627
"ests",4.61686914581711,1.99809505145351,-3.51408975868372,4.11499882388417,-8.1170456100123
"ests",4.63257607662682,1.99345555606973,-3.58706913358845,4.23779936185904,-7.91185900608864
"ests",4.69562906995692,1.96675846243597,-3.58738614338717,4.20686799162922,-10.011552420484
"ests",4.73641082505122,1.97268377424855,-3.60599281764,4.26341200425534,-8.04084838838156
"ests",4.62570187619882,1.93949821726651,-3.54629899606865,4.16825922283855,-6.38519337843027
"ests",4.64473525886532,1.97697348861323,-3.56096124521166,4.18472533885571,-7.86267600220511
"ests",4.72442100609229,1.95366069560499,-3.62489661031863,4.2783519209637,-8.81537176320329
"ests",4.70261752814481,1.96889010418896,-3.5721302223336,4.20465653955856,-7.02655739473752
"ests",4.77905851356509,1.98144738472908,-3.62341246278632,4.26271810848921,-13.1578890508191
"ests",4.72587036047533,1.99389395039541,-3.59866214236417,4.27110894482965,-6.6208676337806
"ests",4.81932608179051,2.01759217564002,-3.62777680514747,4.30701938481374,-5.88679676017511
"ests",4.75915049260497,1.97206062070826,-3.61066654901335,4.24584839411528,-8.46709847785523
"ests",4.70644146148647,1.90849255856358,-3.55280243137855,4.18291300563354,-5.81461788536835
"ests",4.78571118565907,1.95175342741523,-3.59643857257007,4.22614858531905,-9.70348835689133
"ests",4.81293674515873,1.97742269733402,-3.58644683188783,4.2388294073995,-6.11636231664718
"ests",4.77984001056675,2.00745861016936,-3.64062224285273,4.30541686092763,-6.94933100365434
"ests",4.63345306597594,1.93296632609554,-3.57689182481825,4.20920440567273,-7.87166024006502
"ests",4.69769154103551,1.98094820476102,-3.54716046432185,4.19202556936236,-6.967447271487
"ests",4.70534021239368,1.97014692261125,-3.59245103937191,4.2565106790747,-7.339120755351
"ests",4.74277729725918,2.00742906355132,-3.62002582972459,4.25863025826191,-9.40066483633626
"ests",4.67273407206341,1.96906118958774,-3.589619858978,4.21231622133493,-9.83491883202588
"ests",4.79280458331635,1.97376711152071,-3.55796849350825,4.19963783081195,-4.8903702300307
"ests",4.64648156185631,1.95944838099225,-3.57454623881157,4.18693156207496,-10.0633753148851
"ests",4.62419133525119,1.95761230209381,-3.54367283681445,4.18591643223846,-4.74797475730379
"ests",4.72025485357159,1.9589603565131,-3.5782862261635,4.21726110520849,-7.44459657792338
"ests",4.61825200001859,1.95590302054957,-3.52309235864378,4.13677523897257,-7.5843356604222
"ests",4.78081885513846,1.99483569606553,-3.59181677007145,4.22831329279228,-9.52540372341615
"ests",4.6605334153889,1.9804847185595,-3.54945355938874,4.17940652215498,-7.29992056375003
"ests",4.79534398439857,1.98084649786116,-3.61609202292251,4.27226278451291,-7.02313921743136
"ests",4.7434841515896,1.99711159221641,-3.61805507196426,4.25035844934118,-4.41169537946281
"ests",4.73808092429885,1.97313728954988,-3.61035510328867,4.24436043630955,-13.5496308955842
"ests",4.65139442904653,1.92871530634275,-3.54073022833981,4.1461877686128,-8.51915097729059
"ests",4.72886456748446,1.98967856558067,-3.58457689931357,4.21293232628952,-7.3711497597011
"ests",4.70475437002194,1.96070415128239,-3.56544770827116,4.20930413917888,-5.42634040465984
"ests",4.70677349482408,1.98465641629217,-3.60417380739938,4.24843088132749,-10.0780575847102
"ests",4.70581265530532,1.98123087149892,-3.60464329865573,4.26040676342567,-8.96291207491712
"ests",4.73966816736745,1.98519987155414,-3.60305299015316,4.27271587161329,-5.06053372146627
"ests",4.66096773150156,1.9733381464837,-3.55672862067903,4.17238691722931,-9.38033805133404
"ests",4.67300767362832,1.93504240593677,-3.57277748273287,4.22352370250487,-6.4060637911682
"ests",4.70575634470022,2.00293939859598,-3.58216818179904,4.21894405982546,-6.28183134466109
"ests",4.64921042780748,1.9343576147759,-3.52968979569154,4.12544604101599,-8.42983988137483
"ests",4.81806181588186,2.00052668320473,-3.65382146972409,4.3076259936638,-13.583869756531
"ests",4.63595460508941,1.96715681040428,-3.52386895112549,4.15147971861852,-6.36064506264629
"ests",4.66179413213489,1.99783352206701,-3.58794729431942,4.22184527373677,-8.7442891534185
"ests",4.73436415499648,1.9488682325526,-3.56163332680644,4.18556104924885,-8.32701933553374
"ests",4.80939151955052,1.99716754827114,-3.60858187978879,4.26516045781134,-5.47727545784895
"ests",4.6791646010925,1.9622839425795,-3.52442011285378,4.15482360725616,-6.6387964121787
"ests",4.71336942257173,2.00795607574207,-3.55369064709424,4.19272283091819,-5.92480332527059
"ests",4.71539632852412,1.94606416866902,-3.53066995936018,4.15889966386833,-4.45758017032995
"ests",4.71429375770797,1.9619439587951,-3.53892664343199,4.17817916045635,-7.23578332084397
"ests",4.67475264861609,1.9658137518073,-3.6351066388942,4.26564245412886,-11.5904422351575
"ests",4.70859598712621,1.98786134101837,-3.58002352348569,4.19547236569561,-8.02834677648321
"ests",4.7595762703203,1.9778776226207,-3.56463498483855,4.18706251221074,-7.79656457478394
"ests",4.72656355049106,1.95480630159833,-3.61279447457778,4.23354850478919,-9.84937536178234
"ests",4.66585548964252,2.00053253124033,-3.61777695442781,4.25193016400847,-8.1746739567718
"ests",4.73155180869629,1.98612242594775,-3.609088258474,4.23588432585104,-7.67422809056119
"ests",4.68110156296091,1.95118648481367,-3.55387511302576,4.18964008036454,-4.89968372759368
"ests",4.70345665099066,2.00848302517582,-3.59634621960991,4.22545207312737,-7.72952966832171
"ests",4.67504991243092,1.94085393486119,-3.60869409941778,4.22499514740514,-9.37635185831902
"ests",4.75852036545963,1.99687754820835,-3.61459123928557,4.25443485504153,-8.71071787052803
"ests",4.71279353282543,1.96915780780269,-3.62262586228966,4.23938173252781,-9.76240621240573
"ests",4.75674603666051,1.9841608897978,-3.60770501420554,4.26103572763539,-6.63072830031751
"ests",4.67113732504911,1.95693939202705,-3.6123434797626,4.23853517661929,-11.6970569026244
"ests",4.81864750894002,1.98512631192686,-3.5967797776077,4.26083230735169,-5.49503948765444
"ests",4.78132817411919,1.97783078960307,-3.59969198847067,4.24225153592919,-10.0086550787613
"ests",4.84898974035341,2.01883700303494,-3.65849937048092,4.36001882215689,-5.86408268065724
"ests",4.79934622435246,2.01249576872426,-3.61307121062128,4.27040416105927,-7.82324049453439
"ests",4.77501108726537,1.95470785645303,-3.57160886338326,4.20373616069662,-7.78395639769849
"ests",4.64081804775311,1.96112999344254,-3.53614313762533,4.16635997859485,-5.34568653963544
"ests",4.66007341471748,1.94400240740239,-3.55553300862069,4.16163361013545,-7.56285537509432
"ests",4.70780643951782,1.97152019084299,-3.53881526005899,4.15977521620303,-4.91878673385192
"ests",4.69549521934034,1.96314110178046,-3.56060411019155,4.17210675301628,-7.32874944838642
"ests",4.75393779383283,2.01354255952724,-3.57841311006182,4.21188780905384,-8.37771253599186
"ests",4.7401496037763,2.00372855897155,-3.59364990914775,4.26289682198442,-7.48077286294999
"ests",4.67344384361981,1.95926733769517,-3.57472100874526,4.19700301129639,-7.23086848493417
"ests",4.72772505378702,1.99562757699035,-3.56416550085123,4.26338262129466,-7.64552981298565
"ests",4.72270443264521,1.98645717138331,-3.54105542472784,4.19265294223471,-7.0262863528589
"ests",4.63811314319519,2.0357074858791,-3.61305635742747,4.23458772878258,-10.931138413457
"ests",4.78853281457392,2.03516245764161,-3.55061327184503,4.21828929416383,-6.64561816555917
"ests",4.72338741496303,1.96890174188856,-3.60197968661928,4.28428097492237,-7.02224780594107
"ests",4.62071826279194,1.93415402334728,-3.54036751424738,4.13616360504725,-9.58039630612246
"ests",4.73462632986532,2.00084037207971,-3.60445933082093,4.2719340267219,-5.63106937223368
"ests",4.6646571565672,1.91730942771898,-3.5279297395106,4.1477630880749,-6.72581125156214
"ests",4.6402261786602,1.98444322500271,-3.54958620410045,4.19365176272442,-5.49980516036523
"ests",4.81781247673967,1.98674661236246,-3.613301020108,4.29174255023258,-5.60183326453327
"ests",4.68288476540885,2.02998625795366,-3.64112653950962,4.28307353394124,-10.8125839256919
"ests",4.67681687696214,1.96649476701578,-3.56962205214792,4.18064533985395,-6.63400219716002
"ests",4.63489850656023,1.92408202018101,-3.5250326220507,4.13224841019308,-7.87504298005436
"ests",4.62686148656692,1.97413466472334,-3.5886838164187,4.20225866591443,-10.8070392972975
"ests",4.72400131353057,1.95525856840645,-3.5878589570891,4.21174924849476,-8.71707658458591
"ests",4.78553249487745,2.00834506657487,-3.63465797049812,4.29510790750871,-8.38611952071507
"ests",4.64191364202354,2.00203658974246,-3.60048733948077,4.23579554702212,-7.63468977920723
"ests",4.73546569536133,1.99158800669883,-3.58884078116821,4.25007789589256,-7.91164199677162
"ests",4.6947664530529,1.96780847611569,-3.60251649083885,4.29499401532215,-5.99747068187155
"ests",4.78531117776547,2.01487059184369,-3.59899587218407,4.26632738373422,-6.50141886622315
"ests",4.73903086181085,1.95660777862104,-3.59873995078225,4.27581397498329,-7.27081563550502
"ests",4.73098957726158,1.98467938077247,-3.58022787782134,4.23852258413298,-7.00898539993535
"ests",4.72104447805208,1.96086361981648,-3.58714382478081,4.23216265007931,-5.8902235286412
"ests",4.66505229970315,1.97157910014386,-3.56807184151114,4.21493687037118,-7.2664489579878
"ests",4.72817802046795,1.98987033171622,-3.60171970273197,4.26278012837649,-8.22085290100595
"ests",4.7898244712789,1.96782332632191,-3.60225343690007,4.25087399793554,-5.66627655279483
"ests",4.66387039928546,1.98507530810731,-3.58569200058775,4.20833521462018,-7.75928561081258
"ests",4.61168733873421,1.96265195998478,-3.58611981219575,4.20443540131294,-9.43946608616786
"ests",4.6396198740474,2.00903348721846,-3.54094332501835,4.17737411039341,-6.06609415271943
"ests",4.5980850487534,1.97998614080108,-3.53533345078808,4.15317647808064,-6.28947280112722
"ests",4.63577810344195,1.98456509104422,-3.55827950585518,4.18110815520206,-7.85648640300742
"ests",4.68581359151007,1.94290687706823,-3.59589052971817,4.24242018231511,-6.64695574748165
"ests",4.63935402187094,1.97398023485548,-3.56726291308564,4.18721112400591,-8.44144337698316
"ests",4.72620083958512,1.97326400062098,-3.60639831119382,4.2279283501846,-7.9994823983972
"ests",4.71178676743719,1.95601306532802,-3.59618222039753,4.21627317233101,-9.26003282828344
"ests",4.70186693473374,2.0068463722663,-3.56868257455246,4.21357741742137,-7.25855661881758
"ests",4.60790287624994,1.97340114568681,-3.57826639012993,4.22709703454128,-6.84123357887345
"ests",4.67884401459087,1.97980617480696,-3.62469091384478,4.30086352979274,-6.64838407067037
"ests",4.57892457802191,1.91828284799409,-3.48430171927192,4.06864711236191,-6.86531827115952
"ests",4.63165091294955,1.9788893006406,-3.57207006325244,4.19354496901336,-9.23482219597393
"ests",4.70884679511546,1.97642683589783,-3.55360669088831,4.19843038709492,-3.64904463183097
"ests",4.71578449964413,1.97045426324818,-3.63773438259166,4.29101449271258,-9.88390853213533
"ests",4.75289459851583,1.96966725712025,-3.57376966368051,4.2054556669737,-7.01563011458681
"ests",4.7241139083093,1.98430054279887,-3.62298757100964,4.27635613405651,-8.515289127326
"ests",4.68080014815485,2.00707051435189,-3.59611741063336,4.24596781237132,-8.42860174602145
"ests",4.6943840622669,1.90149999025035,-3.54007932782179,4.19106381988764,-5.14022331102467
"ests",4.79333874186981,1.9767962912852,-3.6257746579131,4.2845926736098,-5.78692504443578
"ests",4.68141251194377,2.00334840191145,-3.59450822658321,4.23340261677445,-6.27622334535608
"ests",4.70016404858298,1.94076041866921,-3.54763482231073,4.19062521394177,-6.94491486749088
"ests",4.70807608536623,2.01663563946961,-3.59255440803227,4.23984056246159,-8.29302206792383
"ests",4.66606897600872,1.99985062548567,-3.5424566748141,4.14832180806908,-3.72186342438442
"ests",4.72734898379232,1.94305876223573,-3.60107051004662,4.27211391219914,-6.64116574980115
"ests",4.69159223049151,2.01815914914162,-3.63989062855084,4.28271979152524,-9.21674484390817
"ests",4.73308156301736,1.99610598399883,-3.60121351435064,4.25837323409611,-9.27890419726351
"ests",4.6646398808346,1.96281333565665,-3.54671084407369,4.15071584178044,-9.96481754872774
"ests",4.70692486579634,1.95686519100148,-3.59321383875731,4.24602764418876,-5.92441106462937
"ests",4.64250182245831,1.9699359488336,-3.5121670381205,4.104674916387,-7.35672424917008
"ests",4.72767468071582,1.98177123785885,-3.61763742651313,4.27109680783706,-7.28684464833088
"ests",4.75446812688582,1.97032246283081,-3.56159347351808,4.18679329068384,-7.34938119937628
"ests",4.6533214796451,2.01504014184002,-3.57771414536702,4.21961383787044,-6.06335490758553
"ests",4.60792565036855,1.93170983501568,-3.51048507203074,4.12275679993438,-5.42088523833692
"ests",4.70718251841286,2.01431253826046,-3.64149030792207,4.30640477160706,-7.99251377926801
"ests",4.67205005602405,1.9884368488895,-3.6291332074161,4.2571663123264,-10.2585040108641
"ests",4.72448073323989,1.94335982225148,-3.53805858740757,4.15540017522847,-7.05778376283974
"ests",4.65049336008821,2.01066715716194,-3.5928209835599,4.22549819033235,-8.38394771522917
"ests",4.75924755772929,1.98942408155855,-3.57154677603721,4.21052501610496,-5.89564918449902
"ests",4.74175574961325,1.96191869580347,-3.57828237144946,4.21846770324132,-6.04197822538501
"ests",4.70950359143025,1.96368238195268,-3.59703033216874,4.25966412442422,-5.92415457741761
"ests",4.69710627409817,1.97724814083012,-3.55021031723576,4.20172981566663,-5.53249760128336
"ests",4.70380932837704,1.9445680944943,-3.5512196813979,4.17560249107275,-5.41774748269271
"ests",4.71052059506141,2.01330614483728,-3.59224035758037,4.24100549913783,-6.76590074036788
"ests",4.68653770580971,2.01015994210769,-3.59625640585669,4.21697165882901,-8.1637030815195
"ests",4.67882873515401,1.95976731046852,-3.53450257845126,4.16407553562081,-6.01277470007995
"ests",4.70386800939781,2.00555645456652,-3.58500118301058,4.26158244301179,-5.99722838085741
"ests",4.76420877062969,2.02635426189377,-3.62375182554683,4.29089177713819,-6.1060086128361
"ests",4.56286548720802,1.91798865250751,-3.51247525451913,4.08216690986426,-9.83362230265928
"ests",4.661125643798,1.98140797212566,-3.57754311341176,4.21219860881613,-6.45703075125256
"ests",4.68946535334133,2.00761907023974,-3.5614526988718,4.20184373924802,-5.56113322189979
"ests",4.72085709358338,1.98579743189072,-3.621548410794,4.26846979335883,-8.99716500118215
"ests",4.69246169580475,1.95032246430042,-3.5585699455398,4.19348917977757,-6.20185926721491
"ests",4.72137762542602,1.9878767406771,-3.61326896395894,4.27290826775247,-7.15340397489711
"ests",4.85506418197923,2.00524679975178,-3.62598215222209,4.31225386827378,-8.54283205453627
"ests",4.6325810590399,1.96781997016397,-3.54208672906308,4.16675771977725,-6.18612260487411
"ests",4.68843281870213,1.94886202289315,-3.56559657490384,4.19605018239466,-4.72111069356781
"ests",4.78441024669967,1.91883151301176,-3.54842886694858,4.18303182322107,-5.03346008270753
"ests",4.8245299451965,2.02704775922788,-3.65958845356981,4.31011619697094,-11.0756706280544
"ests",4.66505506111228,1.95209032521064,-3.55712562744929,4.18811314906968,-8.54259718762885
"ests",4.69213548569455,1.97676803134082,-3.58813428963167,4.2129044341407,-9.02164858394634
"ests",4.66370030383978,1.98515571870953,-3.54025698490208,4.14809807175425,-6.21394867983172
"ests",4.59627442119354,1.92447500614117,-3.55111196230939,4.18620573603293,-6.54346514478461
"ests",4.71602840799694,1.96799458195257,-3.59922239663904,4.2194068541251,-9.28465682220277
"ests",4.69624446017306,1.99829219129368,-3.64358049345629,4.28037562844356,-11.9034768323016
"ests",4.65615766988933,1.94699470588244,-3.57119264540359,4.1978942904466,-6.69718980150431
"ests",4.75697028337155,1.95214410198529,-3.53338423914265,4.18801535002002,-7.17893396601812
"ests",4.70702441207594,1.99501366784494,-3.59915658781812,4.25708234404958,-8.42156632357876
"ests",4.64780083483923,1.97046545335135,-3.57396986924317,4.19378470455839,-9.67015558606455
"ests",4.67563310817546,1.97347711920734,-3.59090119229117,4.26077269968015,-5.14752239691816
"ests",4.7494225487268,1.94510265012882,-3.57399584539064,4.21959907452454,-6.38662725482807
"ests",4.74657457551782,1.98817957448374,-3.65305841331881,4.29460520379831,-12.4734402248288
"ests",4.69759885859533,1.98071513560915,-3.52535901361851,4.15852045641219,-5.60366801016717
"ests",4.70251502827472,2.00687571351475,-3.59541915844624,4.23867687751688,-7.37825061318633
"ests",4.79217443081367,1.97543912918461,-3.5653099377832,4.21477521019863,-6.85289226236835
"ests",4.72264451648843,1.96450938306267,-3.64238763025917,4.27855411870527,-11.8776584979573
"ests",4.62441069636952,1.96688284907067,-3.50971446186982,4.11786353887083,-6.90780574047413
"ests",4.63883222542533,2.01181124522059,-3.56290304317265,4.20209734516899,-7.30460256167342
"ests",4.75129193845662,2.04291587786725,-3.66218791795765,4.34420172141259,-8.96297925262739
"ests",4.84050589380477,1.99892853579932,-3.61030665847208,4.28420585414601,-7.64049448299871
"ests",4.79786970561935,1.98229453739904,-3.61770366976625,4.27917500912149,-7.5478824501138
"ests",4.73783727831761,2.00928273585494,-3.6018976921427,4.26349109203739,-5.51888953932465
"ests",4.66984754798442,1.96524173142645,-3.58000997616654,4.19131195803439,-8.1374668534254
"ests",4.76823967401304,2.02409939345235,-3.61637581501059,4.29023196384928,-4.91847704408852
"ests",4.67699932698013,1.96892657487252,-3.53307208366275,4.15711132119467,-4.11575219487267
"ests",4.71031149406926,1.95278871830123,-3.61474894438114,4.27793849567568,-6.44818505365191
"ests",4.77137636600621,1.94302308134995,-3.57360232690742,4.19925116271043,-7.12167082111004
"ests",4.68155260599791,1.97565857557887,-3.55637957063829,4.19247702361603,-5.93050398079534
"ests",4.6378032104595,1.93250767849758,-3.54594853792372,4.16919044651479,-5.22586026750773
"ests",4.79795674256403,1.99580326701333,-3.6000617978898,4.22797469499048,-8.10238119784684
"ests",4.77597896995377,1.98543352256949,-3.63243227612154,4.30517208308268,-9.30427829721436
"ests",4.75520410061448,2.0276840390133,-3.5922115509491,4.2558501546723,-7.81441750578646
"ests",4.70855571384962,2.00260092894189,-3.59448122584453,4.24484375489777,-5.76255315852673
"ests",4.70290764605073,1.96942698126709,-3.54189226747632,4.15091133455595,-6.41955774738176
"ests",4.76493328296886,1.99375530956547,-3.61033557533031,4.25385453301609,-6.43374085615989
"ests",4.68192523316468,1.97469339488744,-3.63127971143561,4.27136518036705,-7.59572220382267
"ests",4.75501932632679,1.99220217429305,-3.63394152122775,4.30021345133386,-8.96038116880008
"ests",4.72702747841726,1.98668298036046,-3.54051009881456,4.17971482239887,-6.97756577064596
"ests",4.71091977507371,2.02104518881773,-3.60233245204636,4.26138340153275,-6.48354140251831
"ests",4.75925984816999,1.99426408321433,-3.62333951699883,4.25795735849349,-8.79331930331829
"ests",4.60718516267419,1.95762298883193,-3.57853423022573,4.19076517283782,-8.20645887706433
"ests",4.60829091213408,1.93719680387857,-3.56026950908633,4.18315871858145,-7.77150144971563
"ests",4.66862883231026,1.98567177344876,-3.58620918320237,4.20614413647967,-7.22717867501001
"ests",4.71425376490829,1.95907682266367,-3.58911570974582,4.24085352292123,-7.68622640986387
"ests",4.76525215452082,1.91715218193466,-3.57635078849134,4.22801163525668,-7.35660467631548
"ests",4.73252042450666,1.98511939581478,-3.59348361155195,4.25075116033778,-8.04482525885983
"ests",4.81968256989247,2.05503110644677,-3.62200887225963,4.27868119315877,-6.03303090273297
"ests",4.54937993051591,2.0230500110062,-3.59908894397006,4.20811946083543,-8.64996405649929
"ests",4.73556918787069,1.99748632543823,-3.59376699761419,4.23360468286811,-7.86972703526012
"ests",4.71834647216238,2.01437146404609,-3.57299666876274,4.22004527809652,-5.08145352293801
"ests",4.59403202404308,1.9534443408778,-3.52153943039355,4.16441095854402,-4.73598356208849
"ests",4.72377216741778,1.99644264421565,-3.59545933533441,4.24552711762126,-6.75157746502633
"ests",4.60019289280454,1.95446317180185,-3.54482253941403,4.16855762036606,-7.47287934525731
"ests",4.85561816097582,2.00896859211183,-3.66305156392718,4.310744200637,-10.8071360338309
"ests",4.64541639961568,1.89999768001819,-3.51450677328202,4.12237270172715,-6.67961171866603
"ests",4.67806582320821,1.93607942835145,-3.54017594923088,4.17442993655872,-5.65852403120313
"ests",4.71364034273343,1.94862749134842,-3.56710931825871,4.18906180247238,-9.62339804277308
"ests",4.64900605408527,1.97914914680569,-3.57889739722302,4.22538755867106,-7.48835806162386
"ests",4.74840786453758,1.97196579039942,-3.60576181869008,4.25058809670739,-7.90965033139929
"ests",4.7110610304654,1.98138740520357,-3.57642287576661,4.2241323122028,-7.422123898274
"ests",4.67373252704098,1.98333246226984,-3.63213561169523,4.28195005013267,-8.4503663774599
"ests",4.66611059091687,1.94424819068655,-3.56684011893462,4.20337139041805,-6.19546460116536
"ests",4.76707010356265,1.98482490955224,-3.59943927721961,4.25670505610699,-6.8530736985577
"ests",4.73732531894836,1.99751776228902,-3.65292588173018,4.3118986013464,-12.6351427654237
"ests",4.76516176432958,2.01221917503739,-3.60873500314427,4.24804274929837,-7.60665235212202
"ests",4.79090899370279,1.97076437187762,-3.59781675917111,4.26488861528926,-7.00149045684796
"ests",4.73085895141186,1.96542860424353,-3.61276246884355,4.25336027521278,-9.47193602938746
"ests",4.55611796095155,1.96895151209138,-3.46947475004,4.06143332911435,-5.84160660201761
"ests",4.71691088315325,1.92261521457905,-3.54201752627982,4.18122121904004,-6.5409025366362
"ests",4.60923180964103,1.96275742897691,-3.54679100314116,4.18352136613005,-6.6038712142271
"ests",4.66158569142034,1.95075104899076,-3.57097635357594,4.19493195187121,-9.1383100275746
"ests",4.72054141632308,1.94740073933881,-3.63852107327105,4.26580214639549,-10.183876444866
"ests",4.61391192610712,1.95818442127017,-3.57356403359679,4.18530187198185,-9.44865950564076
"ests",4.68909336574522,1.99000217261305,-3.62293065329557,4.24344138271555,-10.8802066697954
"ests",4.70233953940807,1.99974378404006,-3.60837116754573,4.25211821509714,-6.33235440755556
"ests",4.84882254270397,2.04424199598245,-3.67980507146872,4.36727214912102,-9.93219987205563
"ests",4.78517242751401,1.98432965479954,-3.60317475462364,4.25566912046274,-7.83871163738537
"ests",4.76347795007587,1.98518538909842,-3.63965534613573,4.31003198031734,-6.82373758523112
"ests",4.75224025327307,1.99514289718934,-3.59653364316606,4.280108546836,-8.18643782533383
"ests",4.8327963723797,2.08609366413768,-3.6776284915136,4.33941686455539,-10.663644728495
"ests",4.69357426901067,1.97591417858833,-3.55412623060608,4.17906816265487,-6.49472807365957
"ests",4.68956980391046,1.98438637181746,-3.60695937869498,4.22036257412891,-10.0725619266873
"ests",4.71217712078533,2.04499632194849,-3.63485491296455,4.29372254592802,-7.45821481092068
"ests",4.70377783596478,1.97101537775114,-3.60467428079176,4.22027261761814,-9.38865445359722
"ests",4.68043123765486,1.97378724359585,-3.56452295266482,4.18274749724529,-8.73569881793213
"ests",4.67952604402209,1.99134277824319,-3.57309830207238,4.23045432540645,-6.01827779548994
"ests",4.76466745072008,2.01589471265197,-3.64561177882881,4.30053387574841,-8.40278346025671
"ests",4.69948086389413,1.96817130224486,-3.57993721549185,4.19296078365261,-7.35239438469711
"ests",4.63731821410371,1.93388883630782,-3.53780045934729,4.14339693665545,-8.71300744578681
"ests",4.68232604797841,1.98665288069259,-3.58132771380422,4.20543051414754,-10.6696334907293
"ests",4.70185367007597,1.9606363127254,-3.62976117156479,4.26957054725229,-10.9330953192869
"ests",4.85962463859068,2.01432152072705,-3.65140087163453,4.34599594561579,-6.44512943354854
"ests",4.62416877560061,1.99953372897989,-3.59370283509498,4.24174045364007,-6.49718770706164
"ests",4.68660591920742,1.93718752000899,-3.55598965939285,4.21806190373815,-7.53594989402598
"ests",4.72366136679559,1.98224898426127,-3.59258118236446,4.22084816023869,-6.40655916382023
"ests",4.73008775510113,2.01042345001873,-3.58774812568474,4.22134393110329,-7.61147463132293
"ests",4.65810645655414,1.96310165194774,-3.55564705381526,4.19148305269944,-7.24208013773607
"ests",4.79252617471247,1.95757032587519,-3.59440160123781,4.23852080107129,-6.80144930319258
"ests",4.73516877221721,1.93758595314106,-3.54535424609702,4.18446221305891,-5.04422992640356
"ests",4.75843352692833,1.99175875172821,-3.60003179581883,4.24451579309028,-6.65845709837955
"ests",4.68173575375041,1.97365231398142,-3.57989746460286,4.19609803734541,-10.1472362428572
"ests",4.71622587120378,1.99369787958801,-3.62335724144647,4.27117705465722,-9.01161219077801
"ests",4.74819301373909,2.0323844653973,-3.65771313391235,4.31039194197225,-9.69726773589361
"ests",4.67824271587936,1.94583945121673,-3.55599930943235,4.1686464300843,-6.05028283739561
"ests",4.62558975574537,1.96360687393126,-3.57912030171278,4.2022957268385,-8.1233181497112
"ests",4.64053243010164,1.97515655486043,-3.57536484229856,4.2039393101626,-6.82209787304298
"ests",4.63011818473507,1.94611546949779,-3.54439851267415,4.16036679409968,-6.34416643868751
"ests",4.69097328991103,1.96262367413819,-3.55027544260903,4.18012482705186,-5.56547726778816
"ests",4.66490203243161,2.00003927030721,-3.63387307898702,4.2827955614549,-8.24028677144143
"ests",4.73936571934462,1.96639179524706,-3.60125671125316,4.25455032698831,-7.62418209388984
"ests",4.69282722277806,1.92352701975004,-3.52080855079207,4.1548291023919,-6.26384790176367
"ests",4.66846059111187,1.99740571620821,-3.60179133707909,4.25252779367735,-9.17654190822176
"ests",4.67348850982779,1.92468583601883,-3.5220236159603,4.14301172414233,-5.64131917334907
"ests",4.56317063925486,1.95576243202736,-3.57244064088264,4.18512131981184,-12.7092100713328
"ests",4.67155509934745,1.99549609353303,-3.57369406491719,4.20285491928169,-7.30888699905811
"ests",4.73384370690887,2.00200186627525,-3.58406765432469,4.21464489076761,-7.47232849157294
"ests",4.69948393461983,2.00879634662472,-3.57021001007274,4.22264470290186,-5.98861656424807
"ests",4.78380628163729,1.98150633786834,-3.58939535131165,4.21068725268358,-10.8532207066988
"ests",4.72825302312186,2.0014158072248,-3.61002343622802,4.2397150055206,-10.3027179105571
"ests",4.754736888706,1.98912525612566,-3.61261016555561,4.25067017127529,-7.21380798457818
"ests",4.62522991177682,1.9315209263223,-3.58960125960561,4.2337804344738,-10.1566345253374
"ests",4.79664925816178,1.97264682753741,-3.60369888061762,4.25856901666249,-8.32365908588379
"ests",4.79793043335353,2.00229688705365,-3.62511982791154,4.25603225499393,-8.66004945328187
"ests",4.67331210412681,1.98764601591764,-3.60860766665445,4.24585189655323,-9.25852538491841
"ests",4.78355935687161,1.98408270444565,-3.61301888587152,4.28624889646505,-4.99162381939186
"ests",4.66685426928076,1.98443423582056,-3.58891614479386,4.21634803617293,-9.0789951937696
"ests",4.70476701193954,1.96837046408009,-3.58983332088054,4.22715152852139,-5.81334601197384
"ests",4.65564623412723,1.97987085945813,-3.58184022684618,4.22176688435402,-7.48155033543446
"ests",4.79404316675338,2.0170992400924,-3.62691991411568,4.28532791270143,-4.42451151979431
"ests",4.72862450990234,1.98017620501412,-3.57398320065287,4.18393303903916,-8.21949545556983
"ests",4.74887668297191,1.95078070520402,-3.60205432688646,4.2660335982335,-6.82657597413668
"ests",4.76563598577327,1.99946920849122,-3.60189938889831,4.24716315023475,-7.78143770251164
"ests",4.65047634291012,1.96980886675195,-3.54781044225957,4.18270818270036,-5.64206052399468
"ests",4.64615024576454,1.95403210254443,-3.55799988300889,4.15043731304073,-7.28081337388063
"ests",4.68997850177582,1.98431127138163,-3.62514722048162,4.28422515477687,-7.10204164509616
"ests",4.79557856899444,2.01727583317246,-3.62945726157591,4.30399110006302,-6.68526204999887
"ests",4.65747068806254,1.99476373176238,-3.56023874162809,4.17162606257456,-6.73315152016518
"ests",4.67952980552511,1.92778510513781,-3.52082399305871,4.16765551070849,-6.65183710470104
"ests",4.7413382131953,1.95461677347181,-3.58321425554847,4.2490641084697,-4.83948568110423
"ests",4.72526714527923,1.97652047482772,-3.55622137114588,4.18331322164298,-5.58922150193362
"ests",4.69881636079971,1.97199230256488,-3.59233611907754,4.26303790537798,-5.56905303181686
"ests",4.70603486192088,1.95919548220782,-3.5782062852963,4.21350093107452,-7.7210655715283
"ests",4.72506921595932,1.94459125055558,-3.62175213962313,4.25895215407847,-6.97617542518352
"ests",4.78263722330296,1.99968305609347,-3.58601716194354,4.24564155071077,-4.30133016431624
"ests",4.71986111105114,1.97014462935546,-3.5552388485354,4.2199836493371,-5.58369614263592
"ests",4.79572617696632,2.0206821603326,-3.59632755689883,4.25706740470865,-7.10017033097932
"ests",4.62131599743323,1.94321805537801,-3.57266678408334,4.20974099212137,-6.91113995700965
"ests",4.68050875288928,1.97282045478495,-3.55924454949078,4.18697512294402,-7.81654586978735
"ests",4.66916911272271,1.98544057100381,-3.54935232904504,4.20442101297742,-5.97914211790521
"ests",4.74864275195786,1.96152845329053,-3.56857418686004,4.21557143559452,-6.84950332340998
"ests",4.65566151382838,1.92052641012122,-3.52894968066594,4.16366173527434,-6.13088434864006
"ests",4.72784357703882,2.03533699095704,-3.65401385158129,4.33582516259633,-7.76543338264532
"ests",4.68163010889991,1.99536399928806,-3.59031033321046,4.24284462891213,-5.49401028374464
"ests",4.69348383642947,1.96976929044914,-3.5942347987832,4.23024483904333,-8.05217903578806
"ests",4.69848287567303,1.96682362651021,-3.5911157273793,4.23428231212763,-7.94290405969933
"ests",4.62770679212187,1.9119976576725,-3.48861630400497,4.07814743066669,-5.57768684852639
"ests",4.71608523003887,1.96164236564079,-3.56928238535792,4.23373695106071,-5.2732127539859
"ests",4.73912603444718,1.97066284979822,-3.59836504698768,4.26675537383248,-8.36618669496286
"ests",4.73985949848177,1.98064436304361,-3.6049241300312,4.2615634074469,-5.92253656304506
"ests",4.8249934080699,2.02082401683383,-3.6553055995598,4.29814367370029,-10.3903158668465
"ests",4.64070110865951,1.99501499171905,-3.59949592678227,4.236592589171,-10.2147313610295
"ests",4.73986569998063,1.95968916124035,-3.62876112235229,4.26682310318462,-8.89591824565682
"ests",4.81489827758201,1.9566086751668,-3.61348685509186,4.29794995640582,-4.43754458608378
"ests",4.71957451105867,1.98071995844249,-3.59788713335381,4.25242985396451,-6.62111039851587
"ests",4.64554112984895,1.94311335430657,-3.56655381057816,4.21376987205045,-4.78835270720108
"ests",4.73092797409354,1.95261035319692,-3.57683755671402,4.23952916903837,-5.80029496079851
"ests",4.67304316940911,1.94640898540476,-3.55710761831612,4.16557122636419,-6.12985015531662
"ests",4.80002017954418,1.97719401446693,-3.56418723510583,4.19732337378398,-8.34123691237448
"ests",4.75763569539239,1.9873620294697,-3.58004220451987,4.26162395820164,-6.19301844586182
"ests",4.68292798154039,1.95402434506577,-3.58831338879041,4.22560702697129,-8.49682079755098
"ests",4.5982669289107,1.93880600970161,-3.5250169785107,4.16853069121024,-4.64555968213788
"ests",4.72164076879571,1.98244316653103,-3.57107564228031,4.20004994326835,-7.82463373629768
"ests",4.66136047413113,1.96094072871392,-3.59632823533282,4.22781380159897,-9.37292812517568
"ests",4.76325694495354,2.00816472491607,-3.61449831443166,4.23528139841963,-9.4130151661093
"ests",4.65226843410071,1.9902228107403,-3.53275434900303,4.15791992128745,-8.37391968889294
"ests",4.74873667568469,1.97674047383663,-3.58725084894818,4.22797431850503,-7.4571642448096
"ests",4.76566395709014,1.98639469703787,-3.58500267072722,4.22067512239128,-9.86087021186825
"ests",4.76324628558271,1.95260317673983,-3.58907245934203,4.2216862907203,-7.08831378857485
"ests",4.74182241362521,1.99591446291415,-3.57852857016026,4.22814534216376,-6.68503666733286
"ests",4.66574110877088,1.98487109026562,-3.54834385075216,4.15434827095729,-8.33597630961456
"ests",4.77865390212096,1.98543750553708,-3.62145381337661,4.27490173345074,-8.04586438969943
"ests",4.66799137080926,1.97876719548907,-3.57016090630069,4.19438046272539,-6.38567408412424
"ests",4.67001440343868,1.95834531407654,-3.58469370922551,4.18414836398363,-11.7481558815744
"ests",4.79599785692462,2.04154134772834,-3.64197166281998,4.31671750096704,-8.21973071527354
"ests",4.76081097801428,1.97925989589132,-3.56189279779829,4.18648117922587,-7.15220968530634
"ests",4.73083277476894,1.95858968891973,-3.5553331830518,4.18321139808818,-5.86720137508192
"ests",4.8135527532293,2.01502407548703,-3.59699068397942,4.27899622808996,-6.78335512575276
"ests",4.71635421279945,2.01618063181591,-3.61690868773383,4.24997902300693,-9.97432365336513
"ests",4.68947714352683,1.98172400581191,-3.58912973134781,4.25078071092866,-5.72187629464065
"ests",4.75815779913797,1.99934464671659,-3.64771861813859,4.28828336317565,-11.3256910726862
"ests",4.75996705435847,1.9742234738659,-3.57644196744173,4.22919554515047,-5.4760825727452
"ests",4.79735376858268,1.98309972513933,-3.61891963352085,4.27198190324745,-8.85757341789845
"ests",4.82112882570586,1.99582492773654,-3.61306782164227,4.27667991233722,-6.27464734249699
"ests",4.71310659051402,2.00601247140374,-3.60430259800914,4.22393030474324,-8.86156528382731
"ests",4.74781280571155,2.00767111049349,-3.60369323498557,4.24656159209886,-8.39680003048835
"ests",4.67882873515401,1.95976731046852,-3.53450257845126,4.16407553562081,-6.01277470007995
"ests",4.67524557172022,1.98285507682083,-3.56086577577262,4.19175377618614,-7.5567787389719
"ests",4.77418979054934,1.98543273514545,-3.65967122496597,4.30262025914151,-8.67815560363675
