"","V1","V2","V3","V4"
"ests",4.60775742484478,1.90559353308331,-3.60080971763245,4.15520219930298
"ests",4.62698393543857,1.94696568588142,-3.5906741151715,4.14953079660814
"ests",4.63620311241722,1.95246938228475,-3.57588618976552,4.11928788609871
"ests",4.66878757639785,1.89905087533327,-3.60777186718564,4.15021656566217
"ests",4.73879339346387,1.9199053816743,-3.6056122482792,4.17018569759836
"ests",4.60020971578663,1.89823874070413,-3.5429139308944,4.04604531464602
"ests",4.76175735901302,1.93577271800592,-3.66018856899513,4.22586647559162
"ests",4.57913075522909,1.90605720959222,-3.55788703257318,4.04543720396521
"ests",4.71087504753509,1.93449323692893,-3.61000705370444,4.20170684607825
"ests",4.62402985536083,1.94874071981798,-3.61524812815354,4.16280546136709
"ests",4.64363443618181,1.95059674580035,-3.63720381933993,4.20216475863117
"ests",4.58391533574437,1.90455582713481,-3.56122151362037,4.09787075220174
"ests",4.62977806270106,1.94148426702023,-3.57886799697345,4.10467295630014
"ests",4.69106503514531,1.93266062867694,-3.60300935114585,4.14123106966965
"ests",4.74844155607397,1.9509804520744,-3.65073129424317,4.22633338174971
"ests",4.640018190457,1.93601299056835,-3.59941841897955,4.14464210744113
"ests",4.7557547552657,1.9069983543723,-3.61486905076721,4.19488045698661
"ests",4.61911666548146,1.89393065706027,-3.6213097180624,4.18305336313142
"ests",4.60324890204304,1.89848699590369,-3.57532322840735,4.10076667885878
"ests",4.71566084270289,1.9267759486181,-3.60227016016579,4.14953209465409
"ests",4.63756701315481,1.94285642918291,-3.60346477812314,4.15230320380363
"ests",4.5854025093435,1.91136280543434,-3.53827542366923,4.08206132988537
"ests",4.6860292648945,1.99914158363395,-3.64851261985419,4.2062270840181
"ests",4.75804989474492,1.93104012408814,-3.61910917328501,4.20399497975505
"ests",4.68743229142826,1.92257345192619,-3.59045126465245,4.13654817538277
"ests",4.60250370347188,1.8777347053571,-3.58812248816191,4.12562672528891
"ests",4.59187015533863,1.9019873837252,-3.5670543853762,4.08424605784499
"ests",4.59672924208522,2.001003189506,-3.60344864967568,4.1601021496494
"ests",4.66635722911044,1.91697529212155,-3.57143582602053,4.11207257458877
"ests",4.66289220997297,1.97048711900902,-3.59861993081686,4.14324765878006
"ests",4.57927134406352,1.87809611758659,-3.55780903803673,4.07790863440087
"ests",4.69708599344241,1.91277345289711,-3.61683254524784,4.19413050243088
"ests",4.56664363868067,1.92448893130722,-3.55238586511494,4.07230796183276
"ests",4.44528021983377,1.887058145915,-3.53417601912122,4.0315607045727
"ests",4.7279841663092,1.95897537770261,-3.64522245701048,4.21055323919833
"ests",4.60391268734321,1.93950712927837,-3.58784444551712,4.1423261013002
"ests",4.62691230333799,1.92359166011483,-3.59673974881417,4.14684223169653
"ests",4.62479304126617,1.92017946869936,-3.58173268220661,4.13031301122656
"ests",4.54818860838809,1.89550998306343,-3.52629022013163,4.04011039791812
"ests",4.59208164442359,1.95945867251712,-3.57379722319067,4.13492629128669
"ests",4.66939420563932,1.97297543757328,-3.63166064758654,4.20078044057776
"ests",4.68532516691697,1.97996915657052,-3.65373094320336,4.2170642731431
"ests",4.62652911163121,1.93946008286684,-3.59378347299896,4.13727562041781
"ests",4.61393800462586,1.92828501404035,-3.57396512688328,4.09318841294561
"ests",4.63353824286244,1.93141162917513,-3.59153723517526,4.13749776496845
"ests",4.68127390698537,1.98557387907234,-3.63156481875561,4.19569814577802
"ests",4.65722855321595,1.91311690020609,-3.58167376360153,4.12370348271549
"ests",4.68093153558873,1.92838670623456,-3.59217865127269,4.15027370993631
"ests",4.61350932324332,1.93754189022353,-3.56035088761553,4.10893151803981
"ests",4.64364059757235,1.94313707472884,-3.60530391965698,4.1875827782046
"ests",4.6667989537308,1.91428999039599,-3.57784487394179,4.14213750339033
"ests",4.70093616535825,1.93806789831658,-3.62392945434545,4.17962971490216
"ests",4.62632801284154,1.91133007096892,-3.57651461445955,4.13648610277277
"ests",4.73112865209133,1.90673357026834,-3.57345307499757,4.11968029141137
"ests",4.59352001660711,1.90884630224379,-3.5458548459502,4.07974755209853
"ests",4.76011345882916,1.93224621680559,-3.60095541128779,4.16433799076413
"ests",4.73888015950008,1.94335643243419,-3.6269550452038,4.21200844847763
"ests",4.62594089980516,1.9666118476982,-3.61941036061396,4.17346979228763
"ests",4.73770821400244,1.92784093416624,-3.65812142937594,4.26489467352768
"ests",4.61308826572337,1.92134370868853,-3.55776357569713,4.10131749742714
"ests",4.61042545061288,1.97527966096959,-3.63118006347831,4.19853121623416
"ests",4.70035689161391,1.91859463349372,-3.5943844060657,4.14924544540202
"ests",4.70496399359432,1.95303986287318,-3.64295762531105,4.20410822513843
"ests",4.81257861431707,1.95060620866448,-3.6561142794928,4.2592073086127
"ests",4.63399689916887,1.90999050304967,-3.60075171098075,4.15435514044161
"ests",4.67145993151184,1.95018872037236,-3.63785367934145,4.19793954077196
"ests",4.63455788114804,1.89685298609723,-3.55462162183567,4.09447957984168
"ests",4.63723283103478,1.91922846562654,-3.57892283711108,4.11129679563513
"ests",4.5872732619539,1.92306273846822,-3.56662367115456,4.09967547949028
"ests",4.67810032912496,1.90497528445397,-3.57383896651297,4.1236385827234
"ests",4.70212696964277,1.95078979089366,-3.61988070529368,4.20254847010068
"ests",4.62891344281202,1.91282024680335,-3.56157399690749,4.11031200498293
"ests",4.75159434913645,1.97215071574744,-3.64061473653058,4.20825257941686
"ests",4.70659528551817,1.92906306584426,-3.58907216893008,4.15152202751465
"ests",4.73490874186885,1.94013319323421,-3.64270788876815,4.2082350724482
"ests",4.64613575409578,1.88456806821791,-3.57537045275026,4.11819073197548
"ests",4.62255404734806,1.94900364205172,-3.6013463046308,4.1685956373739
"ests",4.71060010026899,1.92717406822154,-3.62137387681323,4.19448726093047
"ests",4.6910284669903,1.91324259716428,-3.59252908423775,4.15231806093448
"ests",4.65879788985609,1.93204008004723,-3.58144373381399,4.11172441882839
"ests",4.66924430105131,1.93007064189913,-3.59073220438279,4.13160246274526
"ests",4.67007101322832,1.94368044105915,-3.58210372074589,4.10054244456357
"ests",4.70879745958682,2.00897013523194,-3.6404957942216,4.19694060510503
"ests",4.61698332817973,1.89816064455943,-3.56180679827185,4.12944871167872
"ests",4.67229578915811,1.94312671834915,-3.58322530695153,4.1176623070747
"ests",4.59170781907047,1.9003944875552,-3.50968941661201,4.03670665914565
"ests",4.64014076242588,1.92974223430146,-3.56745615338603,4.10033314514852
"ests",4.62884019805283,1.91459240583895,-3.57375548314099,4.10130931448381
"ests",4.66051187407318,1.90340799361691,-3.54824621304174,4.08790384960792
"ests",4.65377769422785,1.95978115567104,-3.61529160225565,4.1486314213906
"ests",4.69147199003071,1.99670415414676,-3.69063231529192,4.26164701115433
"ests",4.61669908013827,1.90898174578772,-3.52968048843456,4.06520865849979
"ests",4.67773862803498,1.92989287672787,-3.63389379957872,4.21034165551881
"ests",4.52612781394534,1.90134613587632,-3.54748446177491,4.06971897422179
"ests",4.67738657127368,1.95276626198167,-3.59270178676416,4.13458761724305
"ests",4.65335330081252,1.93137295143345,-3.58122668148134,4.12252720407861
"ests",4.63106437685605,1.92776114763296,-3.52856798075414,4.07157704034227
"ests",4.56098373407012,1.94580691721469,-3.60531923447782,4.13915015815302
"ests",4.71336296257081,1.9601784892106,-3.61664825616349,4.16669394260359
"ests",4.69677490119012,1.92657824829299,-3.59002405034779,4.1533609137309
"ests",4.65249213453305,1.94342914999077,-3.64783830633304,4.22091949303094
"ests",4.74541073836173,1.9785075103994,-3.64993550117251,4.23662619461547
"ests",4.61861921020238,1.93437064087661,-3.61494099413976,4.14605122054698
"ests",4.75527080381209,1.91868616469441,-3.62379737439666,4.20175816890069
"ests",4.71289499279289,1.99664229280709,-3.62641079865262,4.18049464405527
"ests",4.57612797853635,1.88377007616342,-3.59179977215322,4.1366648976579
"ests",4.62662730248427,1.93107368912637,-3.61265368963537,4.19167354884492
"ests",4.61068928209184,1.90102516244795,-3.55174025531478,4.09676086698604
"ests",4.74669492992661,1.94892295562887,-3.60312635801353,4.1693169845411
"ests",4.66943048539895,1.94511289950584,-3.60696471235984,4.18286028088567
"ests",4.65093862247448,1.91257194067915,-3.58180765591677,4.14453279834168
"ests",4.66707906406695,1.9470349717411,-3.6151678964864,4.18885571253698
"ests",4.63758643138064,1.90189137169526,-3.57565841779236,4.12195526681455
"ests",4.74040089700218,1.95238955204145,-3.64105420450929,4.21478742196061
"ests",4.57583701798035,1.89591063037803,-3.54552035120275,4.07067935323755
"ests",4.60665823953965,1.93032487174822,-3.58688266666725,4.11434045082675
"ests",4.69227637435209,1.94829811684063,-3.61776277137075,4.17858851471316
"ests",4.72503220930045,1.93172802656291,-3.60519444156812,4.15613861972404
"ests",4.64436676634056,1.9362796689948,-3.58749464528493,4.13064021976144
"ests",4.70777733324647,1.94389024616923,-3.60111642494776,4.16031391932809
"ests",4.61751516612752,1.90550585625232,-3.5847093843016,4.13949003111501
"ests",4.64145481284448,1.89563110156861,-3.57810740462454,4.10613584037724
"ests",4.77076770695364,1.9283565407066,-3.63889331593081,4.20096910490619
"ests",4.66776356551975,1.96429259975781,-3.60544730941258,4.17396605215654
"ests",4.68017359344287,1.9532217150423,-3.58675172352891,4.13055462720862
"ests",4.65339032844884,1.93102930484719,-3.59457424713711,4.14760418634912
"ests",4.69725783701488,1.92640148796068,-3.62551422524521,4.18515942752943
"ests",4.62962889053649,1.98131096184663,-3.59101198081016,4.12856763653656
"ests",4.66204763580078,1.90699674036011,-3.58221696279927,4.10601037216856
"ests",4.74136101994579,1.93466288819376,-3.61950988105478,4.19092473280142
"ests",4.64690093733849,1.91366938094847,-3.58033240456334,4.10963203362329
"ests",4.72398729540508,1.91742540738769,-3.60757719661541,4.1880536972483
"ests",4.71427096514387,1.93272689387746,-3.63070533423425,4.19362621189329
"ests",4.64066049312548,1.94450635951011,-3.61264377443747,4.18939576596599
"ests",4.65420110067692,1.92879246124941,-3.55723783462911,4.09809008861293
"ests",4.6871211497829,1.93261194414544,-3.6267096691106,4.16109683676301
"ests",4.64486207884001,1.91775507878569,-3.56953036219384,4.11237796424181
"ests",4.7140524798423,1.9071702423455,-3.55874486110136,4.11615529469105
"ests",4.68480604156672,1.91528632344951,-3.61480569397438,4.17283526047487
"ests",4.64125537950215,1.90202131473541,-3.60440300146539,4.16090950840276
"ests",4.66014209320403,1.91051415588822,-3.60292239087637,4.16947713834627
"ests",4.72946946112259,1.96494055244652,-3.58877884286459,4.13389722449816
"ests",4.68780922945465,1.94271109499743,-3.59959484359428,4.15656312075897
"ests",4.73214333246369,1.9338660282873,-3.58907422115674,4.13545847257051
"ests",4.62907616704991,1.90600937090377,-3.59926914637684,4.14757228100998
"ests",4.74683226786027,1.92334899990437,-3.63805793038672,4.19541282151667
"ests",4.56314898067579,1.93476815299682,-3.61271364602655,4.14807205203041
"ests",4.66223649260254,1.96093826554284,-3.60798429328374,4.16279111752599
"ests",4.72454031478274,1.97153442309882,-3.61745839400197,4.2000948815629
"ests",4.61717797063505,1.93138760107412,-3.5944586410144,4.13059399293844
"ests",4.5801020131941,1.93113580393761,-3.59424437915347,4.13626257931233
"ests",4.64638674544342,1.93446236084624,-3.62684705765057,4.18089319416438
"ests",4.79190604350197,1.90552889147817,-3.58536351086157,4.15277190147487
"ests",4.59921504758205,1.94972778588731,-3.57624406338639,4.10262848885402
"ests",4.64939660473028,1.97041124172069,-3.57415453988233,4.13104925403189
"ests",4.70779436945701,1.91501572242859,-3.62788269824333,4.1761632354002
"ests",4.61756368556218,1.90763396128709,-3.60308396348876,4.14893397662327
"ests",4.75847424941929,1.93624877082121,-3.60047218348703,4.14923932190454
"ests",4.71766173671152,1.89883400772859,-3.59786607340875,4.16320449207522
"ests",4.71998729599911,1.92093288357333,-3.60676071398567,4.16711592789001
"ests",4.69628215307629,1.97049721360998,-3.58284748350937,4.13355055975011
"ests",4.7624339610076,1.93934282781429,-3.63096390009611,4.19298367319552
"ests",4.65137302509584,1.94258750026881,-3.63007042968556,4.19249165221317
"ests",4.49368553308574,1.89031940777333,-3.52258029125306,4.0291041144003
"ests",4.76629294888094,1.92380249266413,-3.61495728310484,4.20010879058684
"ests",4.67480828505545,1.93405062362091,-3.58710316495399,4.13107955826704
"ests",4.68399895589063,1.98731885165816,-3.66164067101626,4.24291387932346
"ests",4.78065249965542,1.97711372152411,-3.65338246546554,4.24982013424875
"ests",4.74060472076372,1.95815229034852,-3.59939925648226,4.18872025885698
"ests",4.68635028290265,1.93035399661499,-3.57750924401222,4.15284312197173
"ests",4.63028604120673,1.9314016605042,-3.58396442231772,4.15395526891503
"ests",4.52363101906727,1.9053845687363,-3.57937781535542,4.10676749769797
"ests",4.65141108104425,1.95408677818381,-3.61779610510537,4.19111298964619
"ests",4.7106116972232,1.97275337029797,-3.64082732043761,4.21482921107919
"ests",4.66750383986997,1.94021476031665,-3.59821576630656,4.13492896392156
"ests",4.6895655048886,1.96384071662138,-3.60984974226428,4.15708624061089
"ests",4.62811034308813,1.92707379994979,-3.55926210394096,4.0705891943528
"ests",4.62292968662689,1.91562365820783,-3.58826430920605,4.1207588752872
"ests",4.65143702043163,1.9517004635321,-3.57246121616686,4.13864133402271
"ests",4.5528017585308,1.92990935082037,-3.53059766526226,4.06920677704607
"ests",4.61216651569096,1.91453572633738,-3.55539786124218,4.08507603523584
"ests",4.81522173560037,1.9244256580838,-3.64351145899287,4.23897885569658
"ests",4.68647815993213,1.9479831659958,-3.63784909642017,4.23782413551663
"ests",4.66024266983085,1.95289324002414,-3.62508253022277,4.191605734321
"ests",4.62871561515588,1.96919913327203,-3.63972620162502,4.20655804268736
"ests",4.74256066797345,1.9792777535903,-3.670039800264,4.24611532901908
"ests",4.68215324471443,1.93448563755141,-3.61083163974458,4.14364775211595
"ests",4.58288135424843,1.92074295767803,-3.58726101764353,4.13390542388871
"ests",4.68518705227909,1.99197754840008,-3.60865436520115,4.17510883552193
"ests",4.52037181306676,1.93274244713538,-3.54559802217646,4.07953399897089
"ests",4.67302941260131,1.94365816915142,-3.58074807472959,4.12707503888576
"ests",4.69947979098098,1.93875348812452,-3.61025321862761,4.17319029266838
"ests",4.70918708612922,1.90091857170426,-3.62799515950138,4.18649736304422
"ests",4.61981249652169,1.92384621431683,-3.60561445226132,4.13945579142724
"ests",4.67065396305515,1.99089245606974,-3.6337495103579,4.2002289716146
"ests",4.6552283715446,1.90185599162279,-3.55744190731765,4.06786733366741
"ests",4.6278462928462,1.93890476036115,-3.59008515651587,4.13477386523294
"ests",4.61611051151518,1.88229955039371,-3.51686423991941,4.0444704169114
"ests",4.71785574037686,1.98552914300291,-3.62165732066909,4.18060782742735
"ests",4.65706906548142,1.99084708887922,-3.64555224798866,4.23217843436228
"ests",4.69866914078688,1.96099930834445,-3.60742136221299,4.18228039237363
"ests",4.63393637982529,1.91476112496493,-3.56658529766215,4.09977468714109
"ests",4.63265249395326,1.90049872248152,-3.54086566787691,4.07073020585557
"ests",4.64117433020181,1.92331597237815,-3.59604963170949,4.12136180176434
"ests",4.66448231671298,1.95128145376135,-3.57374861272293,4.13342039003647
"ests",4.63512408228889,1.95323395347144,-3.58806123077208,4.17084152501846
"ests",4.66968766081077,1.92212906511644,-3.58727353642293,4.14278673786243
"ests",4.61955117852531,1.9301516553394,-3.5646359963745,4.13024526257989
"ests",4.67870609762186,1.94174422112972,-3.58361382586258,4.15208908075262
"ests",4.52752986207648,1.91526845780063,-3.56593136746448,4.08072401672439
"ests",4.61586468440033,1.88360149861137,-3.55018597009302,4.05447730279504
"ests",4.73300694213624,1.90472129506085,-3.60774378745372,4.18134812472335
"ests",4.66698127252081,1.89076031760353,-3.51031259731228,4.02829828063541
"ests",4.59757307075216,1.9340461605742,-3.58742769043184,4.14766699453916
"ests",4.61654182442267,1.86377138239994,-3.56349722236977,4.10784016862159
"ests",4.62726628324143,1.90896772659516,-3.58397381126183,4.12283307095344
"ests",4.60547113310316,1.8942746655234,-3.56986525986341,4.10029484750763
"ests",4.71474453322451,1.96537617519882,-3.58799255111018,4.14021792106678
"ests",4.66799925388409,1.92070824773481,-3.60322626515619,4.17156850153919
"ests",4.63148624686241,1.92307308316112,-3.56459139707681,4.11468686421966
"ests",4.68093230875789,1.9583316488978,-3.59631005754652,4.14175183063233
"ests",4.62998095460913,1.88074477987128,-3.54732433083682,4.07695958209542
"ests",4.81935971182765,1.95087360806484,-3.63873368234501,4.23828552098047
"ests",4.65078241768794,1.90645458190409,-3.61399334493083,4.1756633510399
"ests",4.67354538549331,1.96323748704247,-3.64160937321165,4.23179801831187
"ests",4.66191835660758,1.94805687424288,-3.6477985242889,4.21425732974735
"ests",4.68999885982697,1.88564886572771,-3.5951376200517,4.16695906236921
"ests",4.71311379012099,1.97979939510487,-3.60235264145906,4.16857331688113
"ests",4.71492149787654,1.93628411279237,-3.68415530800815,4.29011515068457
"ests",4.67906681174344,1.93435316071706,-3.64311784673179,4.20983386818575
"ests",4.72328570082808,1.95905092511872,-3.60527088877651,4.14870603241771
"ests",4.64819603796721,1.93219366993658,-3.56703184468316,4.12045100089596
"ests",4.67443271777005,1.92541476411264,-3.59160054917092,4.13239100595309
"ests",4.56714061361313,1.89669305818627,-3.53782131116344,4.06387703013407
"ests",4.60825415115683,1.95776611992678,-3.5943951573201,4.12000422975885
"ests",4.67647953539256,1.93766099475066,-3.58658498392042,4.1384663639328
"ests",4.72123981005101,1.96184305176822,-3.61311128322359,4.18815259741481
"ests",4.69557263125958,1.91116888447492,-3.61127706117643,4.17244984517502
"ests",4.67611827898725,2.00019488712812,-3.6595977596033,4.24625631344188
"ests",4.65670583261452,1.8698397240077,-3.5766139100209,4.13519879305871
"ests",4.72892571127258,1.95425019717107,-3.66786472401773,4.23399368624292
"ests",4.67513842767687,1.9345955651013,-3.58844536889742,4.1071377668599
"ests",4.65133904577646,1.93010741887047,-3.6043082043648,4.17078711296238
"ests",4.80151470579254,1.92633009401624,-3.64217182301176,4.21823033218111
"ests",4.69464176866451,1.91748006156088,-3.6320712799266,4.19382273388515
"ests",4.61330857451846,1.90500903213321,-3.57797442914601,4.1271732743605
"ests",4.50882781236522,1.92004414052422,-3.56836279119465,4.11545779556365
"ests",4.68840158949647,1.96668893229663,-3.63401885975145,4.21454733332693
"ests",4.63466544712721,1.96345544471022,-3.62988698041861,4.20066236755622
"ests",4.61159904197795,1.92802388483667,-3.60659496320653,4.18575128522475
"ests",4.78638919791648,1.94725562161845,-3.69402948655628,4.27685821837141
"ests",4.70719679510529,1.94546069894922,-3.61093110318192,4.17390113228844
"ests",4.62492408305559,1.95016028837234,-3.5742845980477,4.11747390253376
"ests",4.66481173157309,1.95303150119266,-3.57954962888693,4.14499069943029
"ests",4.61896433243541,1.91191199943816,-3.59135973559914,4.13562057425678
"ests",4.63147895139928,1.88274204655446,-3.54429475979655,4.06429186699759
"ests",4.80491045930177,1.93232016213218,-3.60591097922172,4.18374207543699
"ests",4.79857606867516,1.98094021517723,-3.67497615737788,4.2461452897236
"ests",4.67462340908101,1.97097397115272,-3.58131827035983,4.10500587361527
"ests",4.64389987976302,1.91287219629331,-3.59798874150702,4.14297062394626
"ests",4.76256862562809,1.95273538886181,-3.59875369288445,4.16310762958591
"ests",4.61254253046159,1.89210037718301,-3.58531509484823,4.13418797367217
"ests",4.61203342365461,1.90268338007313,-3.61680222482908,4.17678427529936
"ests",4.67670884592629,1.88766761264264,-3.57223125253048,4.11401426378817
"ests",4.69059998915051,1.92126321644796,-3.58106310780092,4.13747712796575
"ests",4.67331491077292,1.89400502840987,-3.62047987192723,4.20047795336106
"ests",4.62149539687992,1.90052828357084,-3.60705989889298,4.18356631011986
"ests",4.64768420732663,1.94161971891214,-3.64612742063869,4.23202157344142
"ests",4.60026139438383,1.9337084614875,-3.6158142039727,4.1576742026337
"ests",4.6575685645023,1.95046510078253,-3.59214787511595,4.15470784084513
"ests",4.61656414864564,1.90712353150873,-3.61111729168815,4.15394159042688
"ests",4.61980895996048,1.92629148028707,-3.60494272083118,4.15876649762252
"ests",4.67865165609754,1.91481337651926,-3.60682899505723,4.16667146855777
"ests",4.66452231176859,1.91209109403502,-3.56678000381873,4.1149382264888
"ests",4.76144380290751,1.96905260879569,-3.65046031584533,4.19672749661629
"ests",4.63975350044397,1.91849800881965,-3.56633691826493,4.11767427699486
"ests",4.6922812710239,1.93837394910226,-3.58691674570958,4.14645780021788
"ests",4.70988349973213,1.90640695093587,-3.58873751708592,4.1584167808369
"ests",4.64139938193027,1.87342653969937,-3.5607010944271,4.09233977144093
"ests",4.64178739670462,1.89321963134073,-3.55776332756945,4.0688024322871
"ests",4.54854836571801,1.90299220503792,-3.51142694408623,4.02321620624988
"ests",4.68144275345109,1.9257299307995,-3.59417914001531,4.15217756646682
"ests",4.68076113942678,1.91953992532072,-3.56189279456826,4.11056344562459
"ests",4.67156234514422,1.93200752166059,-3.60894101771643,4.16735148468624
"ests",4.69907980334395,1.93514665794855,-3.65488944373533,4.2559651321497
"ests",4.59824264265891,1.89448434021992,-3.54069056557427,4.06907309195988
"ests",4.60628949914736,1.90806928270027,-3.59052887102648,4.13944518897595
"ests",4.68557601003018,1.91270597486506,-3.56851826775584,4.13172087177599
"ests",4.69610830212441,1.95520831218127,-3.5931747713943,4.15102599210117
"ests",4.63671368826473,1.98972249938698,-3.67621769205136,4.26813074790887
"ests",4.69251030136964,1.94320900128709,-3.63515540294094,4.21222640952045
"ests",4.70787466257704,1.93842901401351,-3.63326562631512,4.19685517197223
"ests",4.66912968156529,1.90506948141792,-3.57378440643894,4.12560448715656
"ests",4.73197620645656,1.93017915606983,-3.64136234190325,4.20469687537656
"ests",4.69971030035997,1.94785871312548,-3.64522113738203,4.22763660870824
"ests",4.54066628771481,1.89486895553773,-3.51132629812529,4.00407128599213
"ests",4.52997558123269,1.89847511955633,-3.57149947413471,4.08287439771
"ests",4.66695078075371,1.92894630114285,-3.59355815318802,4.15103812385657
"ests",4.73446701164549,1.96814990267103,-3.59768488689092,4.17488422512638
"ests",4.59944040864261,1.94205539499643,-3.59545355106095,4.12165941540382
"ests",4.74825911478051,1.92959822499057,-3.6300718934986,4.19776720917113
"ests",4.55242431920498,1.90491113700691,-3.54664493191602,4.07633805754432
"ests",4.68272651639885,1.94691794738287,-3.60317008534347,4.14948356661327
"ests",4.6487973484305,1.93919412846593,-3.64497579445428,4.23533098714943
"ests",4.66550631627607,1.94469186801824,-3.62114438988911,4.16786635057159
"ests",4.63007073794496,1.93919999063602,-3.59847411715787,4.12745775242678
"ests",4.64387192826473,1.88557915608487,-3.57964030384635,4.13341350561763
"ests",4.6068519856884,1.90027115225593,-3.5901919750536,4.13803214259491
"ests",4.62867451294576,1.92392485029664,-3.60539584812347,4.16102235522698
"ests",4.71711805244939,1.95558080286176,-3.59253924777676,4.15046770769593
"ests",4.67562280465359,1.95971507294372,-3.64855360912564,4.22811434339597
"ests",4.74037373526763,1.92224888255375,-3.64031950114091,4.20262079315361
"ests",4.59994916070447,1.91441874171025,-3.60192081135488,4.13367026125162
"ests",4.64032884308046,1.90732623942974,-3.55366235407848,4.09179692168577
"ests",4.66637132959413,1.93120460044025,-3.59974142276067,4.1522970244126
"ests",4.63878121288342,1.89854659673597,-3.59672773347415,4.14199385805302
"ests",4.73537227440846,1.93924706715725,-3.64225352954745,4.19304017088232
"ests",4.71539133477506,1.88592028842728,-3.6051605151041,4.14619190100749
"ests",4.71410020465612,1.93626285707578,-3.64990858120848,4.22919497604001
"ests",4.68414921520109,1.93404240893458,-3.57502232048126,4.12755648491328
"ests",4.62212821671244,1.91797156774209,-3.63108223100726,4.20775993402898
"ests",4.63708696318268,1.89072007687783,-3.53143781676444,4.0511165151043
"ests",4.6643119386643,1.88564547810838,-3.59234406058878,4.1479051330255
"ests",4.66867592079312,1.94122742565622,-3.61748303501264,4.18810000596666
"ests",4.68271952745179,1.92473451730835,-3.60383887343902,4.15839745260897
"ests",4.73000890829182,1.93009362563714,-3.59330733032729,4.13772380900746
"ests",4.65363381026619,1.95292982627945,-3.61111191318956,4.16146940863324
"ests",4.74750119591505,1.97249226609813,-3.60835473236004,4.17642449978089
"ests",4.63259021076215,1.90746796993063,-3.5607004021699,4.11227756964373
"ests",4.71478351457434,1.93092631105452,-3.59654522560988,4.14926362277281
"ests",4.67088558929302,1.9426863476102,-3.57115327036398,4.11979228799301
"ests",4.68436339284431,1.90238560108541,-3.59758985130915,4.14783766527257
"ests",4.66064324582466,1.95038063032251,-3.59457638940066,4.16727404233667
"ests",4.56383811932009,1.89880181729645,-3.58568902480002,4.12666893508697
"ests",4.66214097887209,1.93531942533541,-3.58881351388525,4.11944837368375
"ests",4.71830991608817,1.94075581248691,-3.6292674763404,4.17989585643587
"ests",4.62814735830589,1.93837727131134,-3.61246812946942,4.1693822131305
"ests",4.67447426350549,1.95409052134077,-3.62001569784751,4.19037027289332
"ests",4.74901566429594,1.93830803611077,-3.62015628748052,4.19768954327705
"ests",4.71633650241492,1.91980863571245,-3.62671464536848,4.19963564723677
"ests",4.64687571549078,1.92193444347021,-3.56454218374822,4.08351364378534
"ests",4.62678387952991,1.95302930276338,-3.62796380462905,4.19145050454218
"ests",4.70152399185012,1.95395915731222,-3.61904892078524,4.19087923893911
"ests",4.67194660390702,1.92276288075158,-3.61051233549326,4.17389648196946
"ests",4.67165360576379,1.91284316716041,-3.60857838155718,4.15639158252564
"ests",4.74949208504952,1.93166100714641,-3.61149690322536,4.20036918243572
"ests",4.62376232394637,1.89998428082495,-3.5612248092423,4.10060783527062
"ests",4.71061590172392,1.94337904480748,-3.59984486171587,4.15490046539457
"ests",4.72693795717288,1.95600808165049,-3.65845895325218,4.22508727343856
"ests",4.58997727432339,1.91681536277969,-3.57668375290468,4.11268948252744
"ests",4.66667488883121,1.93588639412071,-3.59666256843838,4.15306506190692
"ests",4.63871483540801,1.94340609308747,-3.61134736104627,4.16443866449083
"ests",4.62867575977511,1.89210742743093,-3.55506068026434,4.08401957787968
"ests",4.68580115882014,1.97130689386977,-3.62654957880257,4.18997934010685
"ests",4.49644395425819,1.96825473290601,-3.58448335478158,4.15112305142241
"ests",4.64597375197569,1.97048301175013,-3.59052670029897,4.14812806573911
"ests",4.63009117871822,1.91942290181969,-3.5535677961016,4.09616520200758
"ests",4.70772707213993,1.90910021281072,-3.63122122233296,4.19684178846591
"ests",4.70464514186479,1.92862500345143,-3.60904391169025,4.18095816780865
"ests",4.64095082228193,1.94765398225009,-3.61081440593628,4.17141035334898
"ests",4.67453988173971,1.93773658806382,-3.57565962814921,4.1133975683574
"ests",4.63541046655198,1.94993379617403,-3.62021878228416,4.15878519568994
"ests",4.66729643745223,1.93053353362185,-3.5594995339963,4.13211448966412
"ests",4.79046213656392,1.90653692360115,-3.61537519424721,4.18837192712324
"ests",4.70896231699149,1.89613152482366,-3.58477430081795,4.13297454897919
"ests",4.63729708035069,1.90905050415262,-3.58677258740566,4.12836323295949
"ests",4.64205365080016,1.93382834862337,-3.58269488819772,4.13036964824708
"ests",4.6964781365098,2.01404560391872,-3.64318911436852,4.20390960342935
"ests",4.65160132328607,1.97603409443791,-3.61399616838302,4.17245711605701
"ests",4.6267066427292,1.91267607304141,-3.56246743845539,4.1059187537884
"ests",4.56921041050364,1.92868064534289,-3.56029026140394,4.0930243319208
"ests",4.67186813965862,1.94442652361853,-3.57131577307707,4.12121263378432
"ests",4.72724311767609,1.97495200816491,-3.60363912932515,4.16397811807297
"ests",4.69161294018077,1.95394506758137,-3.61681891800494,4.17712095086937
"ests",4.66570193232715,1.91527738453101,-3.57202037925625,4.14152120965502
"ests",4.60489610899621,1.92538954928527,-3.58788608068487,4.14515345452913
"ests",4.64258665725919,1.91975021295372,-3.5909886248615,4.13040006958318
"ests",4.57785713557221,1.90155975836995,-3.55187400404491,4.08493959731562
"ests",4.73912795307296,1.98255408344184,-3.65637036962791,4.23982937886565
"ests",4.63110957391407,1.90777050855419,-3.57816718845067,4.10648516332156
"ests",4.64877469967345,1.93162114427736,-3.54244743997211,4.08994798641351
"ests",4.67951572961799,1.92220052227072,-3.56323476318344,4.11763796509526
"ests",4.63423991476145,1.89559653416514,-3.57506830199665,4.08926036626789
"ests",4.6491642508787,1.94232814382934,-3.55474388043626,4.10591968408147
"ests",4.74207624442039,1.99054655977261,-3.6692041038456,4.25968517627471
"ests",4.60227240477831,1.89505518164812,-3.56690633388724,4.0962065480321
"ests",4.79199367702439,1.90990719714122,-3.63197554335702,4.21317389561164
"ests",4.64596690055409,1.9150161012328,-3.6422790543849,4.20306399030344
"ests",4.62373853275694,1.93175140001864,-3.55348484171661,4.06646441471597
"ests",4.68043448589726,1.94944036798016,-3.60091167023681,4.13958265150733
"ests",4.74322047432334,1.92877161933343,-3.64152145658992,4.19755203546056
"ests",4.69707730099321,1.95283018754677,-3.63502114367267,4.21487058175696
"ests",4.61535230915971,1.93320904740783,-3.58485223188898,4.12504787964384
"ests",4.7430714591247,1.98258482133542,-3.61621894687831,4.17656780598797
"ests",4.52773846205461,1.88878119537523,-3.53815145686352,4.04802006887258
"ests",4.55545840620597,1.92786986185805,-3.59910029242828,4.12930203153754
"ests",4.55085299120962,1.94164468860409,-3.55697914627891,4.07275472038352
"ests",4.55592380915729,1.90232838622233,-3.59768011841235,4.13877949327623
"ests",4.68271593659445,1.98136045757511,-3.67713102117847,4.24064245682868
"ests",4.68976419581121,1.92246996309335,-3.57855657138089,4.11498828857675
"ests",4.67341713956302,1.89469981430019,-3.56992188280682,4.13825992662448
"ests",4.57421805803588,1.94177583233921,-3.58374755336287,4.12464291752864
"ests",4.6232053960842,1.93321467626162,-3.58180943051989,4.13456467639529
"ests",4.71629781097678,1.95579346755561,-3.62252315386162,4.23054250703255
"ests",4.62539923258183,1.94549179041333,-3.57279989326195,4.13695169514346
"ests",4.69284479491213,1.94447166555194,-3.59128762337703,4.14941663842847
"ests",4.68292584850313,1.89810603825925,-3.60643599081558,4.15383397942935
"ests",4.72002514296556,1.97014647281503,-3.68832783802632,4.28343814919624
"ests",4.68225070450326,1.93204010362054,-3.61334823739956,4.17904503451039
"ests",4.65119765865603,1.87911339160495,-3.53520326870467,4.07737370178423
"ests",4.64498627989206,1.9403134317794,-3.58249258481771,4.1333075892442
"ests",4.70095301522631,1.92164220237918,-3.65681682123443,4.20848348465931
"ests",4.60248333809488,1.93442235426136,-3.56776764874586,4.09112376212844
"ests",4.71372516131877,1.93103686580542,-3.57351402122163,4.11985533335424
"ests",4.69799421726685,1.97013867968245,-3.61752650620016,4.18418375160527
"ests",4.79166011740512,1.90153221508253,-3.60922801506105,4.15599502273883
"ests",4.7305332970604,1.9338628991895,-3.57373192194544,4.1142050749925
"ests",4.650097872695,1.89711267916349,-3.61286175804076,4.16825555847776
"ests",4.67589684870227,1.90655252730567,-3.57939977472143,4.1173042533207
"ests",4.56294170603114,1.95168997915612,-3.55261372134676,4.06587487359388
"ests",4.58235062493011,1.92929989811606,-3.59201214711476,4.13321672539456
"ests",4.54917044117597,1.92772847540471,-3.56335557942575,4.10502918425842
"ests",4.65028123100454,1.92957184488857,-3.60559163886953,4.14584598621962
"ests",4.73751839324939,1.93096329663257,-3.63345035143188,4.19197835988523
"ests",4.68800506640327,1.9460385791439,-3.62293345447443,4.18728968764622
"ests",4.70043823616154,1.92574180629447,-3.58938395989112,4.14609568885384
"ests",4.59625752951777,1.9620273155933,-3.59136733555009,4.1251008766435
"ests",4.69009930884523,1.91907935007298,-3.59367134034122,4.14047989597324
"ests",4.73242872049019,1.93267074974114,-3.62106344785663,4.17698821835292
"ests",4.63289816097265,1.92383145720481,-3.57818208458575,4.1321313541609
"ests",4.67516303112021,1.93433251618547,-3.61613434965517,4.18917267623067
"ests",4.71237785126152,1.92184611969456,-3.59497689610686,4.11858706977336
"ests",4.66788602602176,1.98683896278629,-3.6304147692187,4.20482110764875
"ests",4.60335825734144,1.90072298155562,-3.53895945158532,4.07723392048618
"ests",4.59634326872267,1.97794297943579,-3.63518299925354,4.18755791184825
"ests",4.74973154041835,1.91673444643844,-3.63900332017984,4.21416549442193
"ests",4.7161187010078,1.93846467095725,-3.62241962972329,4.1801318609031
"ests",4.65639917911658,1.95373764761173,-3.60890687121969,4.16166385824814
"ests",4.62456283708675,1.903980430064,-3.58187737608827,4.12540877469034
"ests",4.57994457043614,1.90803167408359,-3.60931308852076,4.15114164398827
"ests",4.67558646121868,1.91885198326327,-3.56747587998916,4.10474383057859
"ests",4.71163795167283,1.92408930266868,-3.57734358058193,4.1148316597966
"ests",4.58180360043581,1.96671908815359,-3.61020603774606,4.16932843137579
"ests",4.62159988185398,1.94066050765724,-3.60028406352407,4.13888518643841
"ests",4.73617073893346,1.92566355161906,-3.58425245161113,4.1457939671957
"ests",4.70921923695272,1.94464523753871,-3.64950000861716,4.24975353127114
"ests",4.64510013165977,1.95671215546656,-3.60032199684819,4.1508111244458
"ests",4.75053899107277,1.91913679474032,-3.61396934199672,4.19780371487569
"ests",4.6074817488733,1.95319345437898,-3.55184635032436,4.07336487291543
"ests",4.63930547338885,1.89066544454253,-3.58933998529452,4.13768111041168
"ests",4.67338783540325,1.95046801449395,-3.62047887393216,4.16519021269577
"ests",4.69891149474715,1.95698613614412,-3.61711803721674,4.19627398841751
"ests",4.63589876442301,1.89950393103243,-3.58268362930815,4.13817607867415
"ests",4.66383699710437,1.8762898845239,-3.5630421924461,4.12827705226662
"ests",4.59000181175976,1.92530529033028,-3.55333589634736,4.06754536089565
"ests",4.66611992344176,1.8959817040376,-3.55195323520954,4.10830695417061
"ests",4.78837118677453,1.97682171921854,-3.67374540907136,4.25952818151947
"ests",4.73197212888637,1.93012080386984,-3.64637323389734,4.21232856532805
"ests",4.6857281161755,1.91679366527992,-3.61845998848811,4.18020451104517
"ests",4.60210473348406,1.9334955291963,-3.57753139278899,4.13269816993264
"ests",4.56721120698811,1.93868387438048,-3.57784314622961,4.10657590171252
"ests",4.63645982699146,1.96811233697196,-3.62431891268696,4.18683314899819
"ests",4.62408560145362,1.91637069976939,-3.55056538740958,4.0859005103676
"ests",4.66728742908406,1.93355436724159,-3.58478905482037,4.14984238070533
"ests",4.64479672809733,1.9224822651201,-3.58355077548257,4.13414744199454
"ests",4.76389902305602,1.9397449750029,-3.61716047193088,4.17876436718516
"ests",4.68557782670702,1.95159392019575,-3.64333972595901,4.1917076459048
"ests",4.62279995930504,1.91540581250086,-3.55851140683065,4.09245038035038
"ests",4.68860079950494,1.9441546791317,-3.63874119019006,4.21231422286629
"ests",4.5758362350124,1.92310630406059,-3.56751030580003,4.09790336737508
"ests",4.65038365253958,1.87692555691782,-3.57082929462782,4.11894883379948
"ests",4.60947945832574,1.88488829391636,-3.49833717048808,4.02670367524881
"ests",4.71439999316394,1.93456550940085,-3.60328113341565,4.15842722397141
"ests",4.59045959904531,1.89337754124068,-3.55141795989367,4.08150809887678
"ests",4.63674583818736,1.88626883102815,-3.55557605313404,4.10599101122804
"ests",4.64908521825775,1.91578338617643,-3.61500355516571,4.1350264322657
"ests",4.66484817689381,1.92129624345542,-3.60765281494505,4.14862305422018
"ests",4.6925334901916,1.94828268432405,-3.62596770256879,4.17583949154123
"ests",4.64398872692617,1.95152466669654,-3.58811789795077,4.12915765539287
"ests",4.6189116259264,1.92050217079988,-3.5480854491138,4.08146839756557
"ests",4.6462068233495,1.8955759580336,-3.58880786771332,4.14674608678376
"ests",4.60992763953273,1.91032901129332,-3.56778524976447,4.10690181352755
"ests",4.54523142882864,1.89956873979162,-3.55909014435939,4.07962025312949
"ests",4.58789355886303,1.90989248894868,-3.55346951335743,4.08521698018215
"ests",4.65174244882306,1.92652059359665,-3.57861470543781,4.1394029232863
"ests",4.71341873531626,1.97907820537835,-3.65140933888023,4.24135678778513
"ests",4.62085538130928,1.91597768803205,-3.58816715160409,4.12201175814695
"ests",4.66125375889563,1.9510972387402,-3.61605713791885,4.18626282992103
"ests",4.65575450775282,1.9530990245275,-3.63444011173344,4.19631937890703
"ests",4.63659522083623,1.91811083462526,-3.56154220442702,4.09583771641962
"ests",4.59653272390929,1.94900572492565,-3.56232018928095,4.11136773455607
"ests",4.74602277919778,1.93613255601912,-3.63655946427533,4.22953651432366
"ests",4.57777058219374,1.92058405481183,-3.54213831643532,4.06982924015716
"ests",4.55020114897539,1.90566025684839,-3.6087729575724,4.15724650241943
"ests",4.61950827313981,1.92895506216778,-3.57639953371224,4.14425428560179
"ests",4.57691900771522,1.95715673327256,-3.60149512490144,4.14207261784337
"ests",4.57081101664276,1.92685192188667,-3.55750105827373,4.07025362552826
"ests",4.75034526431506,1.9521124174834,-3.59603383037186,4.14921816224322
"ests",4.64050686037385,1.92189042322676,-3.58736314009211,4.13688553019477
"ests",4.58840904856686,1.96651941576514,-3.59586022318326,4.15534136613158
"ests",4.6297822908354,1.93056474469105,-3.62329013886268,4.18908601590427
"ests",4.6252808389006,1.88643228375716,-3.56311753039288,4.08859249692389
"ests",4.73116382521628,1.89780252666276,-3.6279210279787,4.20018811542356
"ests",4.52023721849194,1.91171304016767,-3.55982393175066,4.09833248357708
"ests",4.70144013123917,1.92351733480569,-3.62786343635455,4.17426953176295
"ests",4.70726971940978,1.97214563370394,-3.66792323834387,4.265479371817
"ests",4.71429432618421,1.9299214475327,-3.59189569882084,4.1490714020247
"ests",4.70717952510675,1.94523862735963,-3.60798055834142,4.15818020306483
"ests",4.72890844776687,1.94739989261104,-3.59908635717023,4.16074481565355
"ests",4.61077199646449,1.93905998186864,-3.5603002385742,4.09648696369841
"ests",4.68731301811493,1.9394490955624,-3.61873185931503,4.18594064729007
"ests",4.69410196825154,1.93651064525922,-3.55554231787191,4.11197322779468
"ests",4.70201100823333,1.90693126193466,-3.57069205949075,4.11664119420104
"ests",4.63120069681809,1.92380209889173,-3.57909584749212,4.13037850974537
"ests",4.66233200813439,1.90248538254483,-3.60349719584926,4.15488057692897
"ests",4.64975464249147,1.90469182402655,-3.55496734338737,4.11862830563838
"ests",4.60494474435027,1.92133113656857,-3.56508279446722,4.13657601938416
"ests",4.55825242094646,1.92760250857725,-3.59651504158346,4.15820985269849
"ests",4.68583533569732,1.955662171327,-3.6364441959553,4.1964443815765
"ests",4.67992114373253,1.92615986544784,-3.62662939409362,4.19501237631239
"ests",4.72656656850853,1.90127398497336,-3.56382198437927,4.1117324886976
"ests",4.64572869191609,1.91319177454073,-3.63162700850406,4.19897753690887
"ests",4.66441801486078,1.92405815684348,-3.64697208298241,4.21369112392562
"ests",4.59019298890088,1.88660472169214,-3.55089440921337,4.09354351544437
"ests",4.68010897617975,1.97636355879585,-3.62274928904414,4.19177196077825
"ests",4.70158513521149,1.92341510119857,-3.61587644167182,4.17725506569027
"ests",4.69832482545356,1.9151873288285,-3.63900240538138,4.17729116487019
"ests",4.63395936138131,1.87712677489793,-3.55727658760007,4.07425988495137
"ests",4.63991820173811,1.9259193130393,-3.5973198132464,4.13234734994038
"ests",4.73644397013633,1.93293036618355,-3.61229638535965,4.16716617176391
"ests",4.70944974731124,1.95045566701218,-3.60992951054364,4.16986628634572
"ests",4.65326407543245,1.96010869271959,-3.6545708587156,4.25572307648273
"ests",4.75358956903558,1.90396331123362,-3.6036355573141,4.15002146568101
"ests",4.69963160157507,1.91565609644119,-3.62591122926268,4.19369833001041
"ests",4.67208980339783,1.90951935497798,-3.56433755539181,4.12507789831836
"ests",4.55779354271036,1.93178214550363,-3.54545742398235,4.05585541744188
"ests",4.64461029898052,1.91864508213238,-3.57090413503921,4.10873026188806
"ests",4.55933042786302,1.92423193502301,-3.54013095719343,4.07998370808671
"ests",4.69385040090288,1.94399477762095,-3.61820818536433,4.1612123392113
"ests",4.74809731501603,1.93661302030609,-3.5776654388893,4.12762485336618
"ests",4.70663732440241,1.91859190916325,-3.60346531369634,4.16486802526213
"ests",4.65274216570561,1.92309826500859,-3.61413229599585,4.16742302588766
"ests",4.62826095083315,1.86063954402856,-3.54122290485496,4.04647401845602
"ests",4.79246122484504,1.93754608299077,-3.64235102768872,4.23063526318146
"ests",4.65779527119957,1.92607241619969,-3.61587317952394,4.1657046383354
"ests",4.6623006459807,1.94060251815909,-3.56257741018306,4.12172535951951
"ests",4.68829780109605,1.92964720293079,-3.61628870585564,4.19024449409698
"ests",4.64277962551044,1.89894453827199,-3.54123761588597,4.05909177306526
"ests",4.68609040166432,1.9083602500582,-3.64221451735737,4.21890994747447
"ests",4.6886130762976,1.96963461321358,-3.65790377006785,4.24231501520772
"ests",4.60355737572266,1.95101371881424,-3.58358463250139,4.11665773115838
"ests",4.70997911494222,1.91659675444014,-3.62572118620425,4.1801470334923
"ests",4.62888742851075,1.9212528937258,-3.63501626388024,4.1881219792718
"ests",4.67668221103148,1.9631516307528,-3.61751909620009,4.20439624380786
"ests",4.75236901444017,1.95254747398703,-3.60886771630695,4.18521801575418
"ests",4.62741174444061,1.96256220344686,-3.61927500763745,4.15495033848081
"ests",4.62293751782734,1.97177044709775,-3.63803465759022,4.19904561214712
"ests",4.79738750038402,1.9637705594774,-3.65921882332925,4.24507828719823
"ests",4.53687666673282,1.90685609408161,-3.55819255513243,4.10554489983232
"ests",4.66966847042748,1.93300311536613,-3.59666246781449,4.13722587694823
"ests",4.56588453890193,1.9411452953406,-3.5652377534518,4.10061998734205
"ests",4.7321012101411,1.92330209594179,-3.61231539257051,4.18765730256783
"ests",4.65484564371162,1.90763924543191,-3.57144032233928,4.11782212290911
"ests",4.83609033376354,1.95342047400023,-3.65300394488447,4.22386384554105
"ests",4.64130970716633,1.92988080658314,-3.56827869154375,4.10898562756083
"ests",4.64136864713239,1.88058564520672,-3.59713411170994,4.12779366610598
"ests",4.62530930695283,1.92550319347131,-3.62362364911884,4.16638709331002
"ests",4.59706657535072,1.922662921753,-3.58573885516067,4.10844939935698
"ests",4.6918565462356,1.93230644271956,-3.64780487085855,4.23398422550796
"ests",4.56887195883342,1.9213738332476,-3.56642727287744,4.0923138741278
"ests",4.65709049999357,1.93930664194309,-3.5822868379405,4.14849829736371
"ests",4.71249110442451,1.95308520378288,-3.60765531970924,4.17997801559072
"ests",4.69500660327935,1.92834493128663,-3.59976203988977,4.1540729542959
"ests",4.57084904884553,1.90734032847901,-3.55038706638347,4.0891149385403
"ests",4.72662964497938,1.9285678110451,-3.63825647477944,4.22585271414452
"ests",4.6121018335261,1.91852668527775,-3.58557955825278,4.13289716301956
"ests",4.57129345724582,1.89430530521614,-3.59544451805913,4.1510236432255
"ests",4.77835128742172,1.91357943045013,-3.64257620600972,4.21324126248536
"ests",4.7207793627923,1.89557947376589,-3.63438456943566,4.20669417745022
"ests",4.60428636396822,1.90374061030236,-3.60245830987404,4.1448216518832
"ests",4.74656952252813,1.94363851212869,-3.59083402846342,4.14179644594188
"ests",4.65103038945601,1.91836921731353,-3.59517219076827,4.15265615638865
"ests",4.69860320632478,1.93199736663137,-3.62972861080117,4.19515582092625
"ests",4.71215615176353,1.9214634862141,-3.60562693572024,4.16776880881314
"ests",4.6776497523511,1.96931676444649,-3.59444444618729,4.15553008461438
"ests",4.72347732848022,2.00601021416706,-3.67098513746663,4.24157170491672
"ests",4.60474759768046,1.90832714765778,-3.5836388928991,4.12895300642718
"ests",4.64672722640662,1.95618624033078,-3.59984479834154,4.1464267895941
"ests",4.69639214865906,1.92185797594364,-3.62167034936647,4.16953344532562
"ests",4.63553576729893,1.92041901526669,-3.55751236548249,4.11588639092025
"ests",4.66226687288853,1.94165122214022,-3.60316837388556,4.13559383345288
"ests",4.69522848514037,1.96278873114828,-3.61310566789401,4.20674318552921
"ests",4.62231106168633,1.8679212850547,-3.51367034093499,4.02949983733364
"ests",4.72601453622594,1.91962047283407,-3.66582713236041,4.23132188574888
"ests",4.70855015035651,1.97303727999735,-3.63423179444667,4.2009371486366
"ests",4.59006679669214,1.99384487880002,-3.59950437144156,4.17639413047896
"ests",4.71180239308493,1.9644220865249,-3.57938168034664,4.13496290769265
"ests",4.65020472387755,1.92037900521356,-3.62372944608834,4.16310214448208
"ests",4.70236049296249,1.94833233549491,-3.61176504878907,4.15998701330447
"ests",4.71648194855822,1.93048175422247,-3.61526155416729,4.17684693703312
"ests",4.67501714360184,1.96640467614656,-3.62350974192907,4.2015617944724
"ests",4.78325071139875,1.92240776724449,-3.64349975226215,4.24401641556426
"ests",4.70249180236454,1.90437308033745,-3.62044359556449,4.19785419143401
"ests",4.71178319208232,1.93415006075707,-3.65370106544766,4.23637051781682
"ests",4.65350370083049,1.91616694519436,-3.58016989681157,4.13108390657971
"ests",4.61842493783343,1.85665546222107,-3.56058956155227,4.0766178306644
"ests",4.60774655903535,1.9007850365243,-3.60971418806875,4.13972464225624
"ests",4.61236161889643,1.87329884073995,-3.56846453799344,4.09688213357424
"ests",4.72737956185631,1.88584095379136,-3.57704169384111,4.11448816989354
"ests",4.63657875085257,1.92637924051264,-3.59542676532252,4.1334095903511
"ests",4.65754026557294,1.9207482723107,-3.60503376387275,4.16740000983483
"ests",4.59351023188029,1.95684587155929,-3.57505928505276,4.11810296560052
"ests",4.60505264741864,1.88491993558952,-3.55536867296272,4.07800399349585
"ests",4.68599657521694,1.91240003732597,-3.63725055478627,4.21791151738402
"ests",4.70191204993722,1.90338612755264,-3.56328782509833,4.1061018917405
"ests",4.60635437071172,1.94588940202159,-3.64989072690209,4.20106638814016
"ests",4.58064693754765,1.89207964490778,-3.52192494141387,4.03433647168203
"ests",4.75088082806792,1.92792371646728,-3.67290799430335,4.24170085409027
"ests",4.71211629898167,1.94130859897153,-3.61559008797848,4.18140617089062
"ests",4.66685608684436,1.92496253386146,-3.62312008382538,4.18525775178927
"ests",4.72873637889928,1.9473549374492,-3.62025217296945,4.18088841339967
"ests",4.73237321180591,1.97549879905912,-3.63672435853288,4.19513944039222
"ests",4.64891102234242,1.95081566467288,-3.62130489354441,4.1681564963659
"ests",4.72550980468281,1.91751823119416,-3.62240550643459,4.18648485636869
"ests",4.6986192870609,1.92634550513139,-3.58370876898658,4.12865865489099
"ests",4.65473249091941,1.91308033828058,-3.53757172477799,4.0508041586789
"ests",4.73201773578168,1.94059311650557,-3.61653471796452,4.16408255150946
"ests",4.67132091909278,1.91613169595082,-3.61340011525517,4.166664584986
"ests",4.56929351098322,1.91911818954125,-3.55684669423079,4.07753564753172
"ests",4.70259305643948,1.92078099830114,-3.61846671536613,4.17326011137875
"ests",4.52917296449313,1.90965509300354,-3.54433778025103,4.04633886797271
"ests",4.6459797697702,1.89679325938699,-3.60073937803009,4.15280438849459
"ests",4.62418303629356,1.93511874524911,-3.5352018731035,4.07940229951155
"ests",4.63039344952978,1.8997574532672,-3.60261234224843,4.12565589095018
"ests",4.68690132599399,1.89451683843095,-3.5553178456647,4.07393194521378
"ests",4.66727935520707,1.91624833386666,-3.56939852263129,4.09777880380964
"ests",4.58298219037917,1.9792017033686,-3.64053595127466,4.22713236257943
"ests",4.76422139501014,1.98037833024206,-3.66050910928905,4.26891509832127
"ests",4.55961423189781,1.89602829441273,-3.5470381794222,4.0693469221695
"ests",4.59401100392832,1.92309528746274,-3.56656443174612,4.09273382282586
"ests",4.76374774519588,1.9687332394026,-3.64611103117916,4.23564171481161
"ests",4.69881537296546,1.93813801399004,-3.60071587790326,4.13073191031399
"ests",4.57412313084905,1.91582864280218,-3.54441271281445,4.05075615124119
"ests",4.65530356059264,1.92398925994553,-3.64974842004266,4.21120900553814
"ests",4.71985089222898,1.92994322479663,-3.65000427124744,4.20035183675283
"ests",4.6878268275642,1.86983882537645,-3.55084012164171,4.09882703747345
"ests",4.5514529918637,1.92247516040402,-3.57741675861997,4.12934475272938
"ests",4.70210005540553,1.9283496543926,-3.60745890616992,4.17650029632959
"ests",4.55213289479513,1.93580750855064,-3.52438894060999,4.04427258436626
"ests",4.72853264473015,1.96931746845891,-3.63512716928638,4.20822576340159
"ests",4.68354902417364,1.9206336179193,-3.59227155178827,4.13105035588281
"ests",4.65851674590173,1.92722843435694,-3.64147076789783,4.20098060355387
"ests",4.63511380732044,1.93650846576769,-3.63792251147214,4.21340830294391
"ests",4.69873264968414,1.91266296746779,-3.6186156715755,4.19414905059966
"ests",4.65763578906583,1.92276016028796,-3.57029612759332,4.11722835794866
"ests",4.69292015482213,1.94794619286873,-3.69551546298061,4.28937049001999
"ests",4.60692349493351,1.92863995547168,-3.61054659531612,4.15757090435855
"ests",4.69895588618095,1.93397392818625,-3.59264352540034,4.15144560367157
"ests",4.57491834649075,1.88854460789029,-3.59647732457307,4.14682652739965
"ests",4.77211827377955,1.93531823578996,-3.64254112730777,4.23266408405197
"ests",4.55891306756701,1.92191368959788,-3.58260870364462,4.1079912967393
"ests",4.65471122007516,1.96348138035455,-3.62790656007333,4.18316305045688
"ests",4.71094064289345,1.95245974848041,-3.63488211501961,4.2089337238097
"ests",4.54400409188227,1.91057906220818,-3.5309619001117,4.04901088531071
"ests",4.6945672618003,1.94126696868365,-3.63332338399908,4.24410695267156
"ests",4.73163451293728,1.93235523259013,-3.60823020536621,4.17874226966435
"ests",4.70657429441943,1.92267567829565,-3.61887643015383,4.17759766337592
"ests",4.64341461044868,1.94114576567347,-3.58935728143777,4.13598415020055
"ests",4.59179927409131,1.88506974119685,-3.55324959404154,4.09203304814461
"ests",4.68655174437619,1.9461722482465,-3.59774781935425,4.15900019252511
"ests",4.70241375306266,1.93165248677697,-3.59411361280422,4.12997374326408
"ests",4.62371739006962,1.91041830065371,-3.58366416026973,4.12677118707985
"ests",4.61216014878875,1.9239793780749,-3.54097510940219,4.07476619908054
"ests",4.55392357643235,1.9177987879164,-3.53572895961836,4.06148362121705
"ests",4.72590844621838,1.93456483535891,-3.61280595093637,4.17980223893924
"ests",4.64750713749341,1.98338520653883,-3.60727077436943,4.16569519882249
"ests",4.64070888059626,1.91711457080572,-3.54499980450329,4.06807746892428
"ests",4.63085182970328,1.92307820727882,-3.58232099972744,4.13501796146638
"ests",4.64298863083174,1.93952080633414,-3.62719412590071,4.1830933896304
"ests",4.66960316071961,1.9165226339131,-3.59471568061483,4.15761272431846
"ests",4.66698581553302,1.94646558365768,-3.60022532045305,4.17377499422447
"ests",4.6018293797114,1.88873068550076,-3.53604873044099,4.04492207863513
"ests",4.61430988968318,1.9219237943757,-3.62325599977666,4.18398698518356
"ests",4.6054738137258,1.91343770366126,-3.57350101745661,4.10910535207284
"ests",4.60787189291101,1.96721651646738,-3.57074220911938,4.08146680161248
"ests",4.6766591850279,1.94995748417463,-3.61013060294023,4.16895909776391
"ests",4.7339805348399,1.94072396481558,-3.64191518749697,4.22072458480896
"ests",4.70486390791466,1.92966443837402,-3.60070146587512,4.14465486700612
"ests",4.73137221403883,1.94638374858096,-3.55232010682505,4.08951421729387
"ests",4.74670418386776,1.94156589664492,-3.59177246364697,4.14209671495171
"ests",4.5991888092594,1.91278482738896,-3.53498898670833,4.07325504170086
"ests",4.738122086469,1.97594744742159,-3.6362768386514,4.19801704173387
"ests",4.65245837292342,1.96330041217419,-3.62807076096781,4.19130412750639
"ests",4.69540926202962,1.93673419885099,-3.61421834634536,4.16789069682909
"ests",4.64316774607948,1.93924675312485,-3.60499422731417,4.14905115160328
"ests",4.64232708488518,1.9243911960205,-3.57953929657475,4.10863391928886
"ests",4.58594195966787,1.92884442855203,-3.55297155180797,4.08783868215129
"ests",4.62204642754611,1.90205956780783,-3.58696009801756,4.14324968043844
"ests",4.57001727621033,1.90367844857552,-3.5921264800752,4.16511779785578
"ests",4.60221358072211,1.96221417224139,-3.59382104470635,4.15246262792673
"ests",4.6001598569729,1.8963619549327,-3.53968835727404,4.07882446322864
"ests",4.66498540882611,1.91130584605959,-3.62530399651439,4.17994030448528
"ests",4.750310654652,1.9714982150378,-3.61667234488726,4.18426020042096
"ests",4.66915349798409,1.95684777112484,-3.61511596347082,4.17196759177921
"ests",4.75937290507569,1.96882234209892,-3.60575734549165,4.18220357511711
"ests",4.63456806162867,1.90259809794314,-3.57872251238792,4.11017091063963
"ests",4.54162999176615,1.89264491582375,-3.54709277063357,4.0509141713555
"ests",4.67971581220564,1.93916320048199,-3.60762273593978,4.14929632988603
"ests",4.66238417807228,1.92202800615194,-3.637717910439,4.20455200304661
"ests",4.62034006977224,1.8887116892313,-3.57929646951311,4.12313579651533
"ests",4.64333321693957,1.92471421970289,-3.56451154604189,4.12638723071958
"ests",4.63117783662581,1.89938401735367,-3.59138792139107,4.14175559959548
"ests",4.64735092102181,1.93578837576636,-3.60826367690516,4.17408829473555
"ests",4.67380114259517,1.89310105950777,-3.62038539497447,4.18042659036041
"ests",4.74567755792001,1.9661015846345,-3.67303280806532,4.26980930875373
"ests",4.62014499898238,1.9431575798612,-3.57503444334842,4.10046297022334
"ests",4.67155282826454,1.97535823087831,-3.61948579749599,4.17069199933459
"ests",4.59587836249206,1.93028761625152,-3.58412370004049,4.12711572804939
"ests",4.61833719202375,1.93077376514012,-3.56425678131925,4.09907515341488
"ests",4.57798343257125,1.9380575122879,-3.62011634173432,4.1664429506999
"ests",4.64494751764508,1.92092992878005,-3.62106880610179,4.15813964162218
"ests",4.62085963366171,1.91495081519468,-3.58158115423955,4.13734193396666
"ests",4.66176555293842,1.94829107091899,-3.58814481219296,4.13252784480374
"ests",4.62528388050948,2.0106217634701,-3.60635800287842,4.16212866855301
"ests",4.65922896228615,1.96115164127064,-3.55852978270333,4.10035870103441
"ests",4.6222321293841,1.93700285383891,-3.59730246051666,4.15632928915703
"ests",4.54885441797084,1.87844780240797,-3.53873338574822,4.0173762269264
"ests",4.71811328357071,1.93886231982002,-3.61120790245097,4.15757462392892
"ests",4.60913495009697,1.89832997780778,-3.59151413292687,4.12905368764244
"ests",4.6436586385184,1.91690778641769,-3.59373314027108,4.16556419730183
"ests",4.63484173993935,1.90672788964388,-3.59264055572218,4.15262324634084
"ests",4.69660233112513,1.91074498674758,-3.59775718855981,4.14475538051908
"ests",4.77018889225288,1.93797121860754,-3.6363344689087,4.20166607535138
"ests",4.67670237207534,1.94751334768551,-3.61707044694061,4.17490145508797
"ests",4.70451667250323,1.94310043775234,-3.59012250665604,4.12608402588749
"ests",4.68195382970072,1.92950790101485,-3.61873143971979,4.18001956204484
"ests",4.73555134259874,1.95841952592556,-3.63723714845217,4.1885236813266
"ests",4.67283526838419,1.95990915683401,-3.59345817228472,4.14989326162688
"ests",4.64438979126868,1.93925840543885,-3.55625163080875,4.07988249690948
"ests",4.52739780063546,1.96417586843418,-3.62909660879896,4.19342776938833
"ests",4.69899830900994,1.95828460127839,-3.62536374017067,4.19364954447738
"ests",4.71973498836556,1.94760354109968,-3.60189821189828,4.16880139826915
"ests",4.68215683882669,1.94284074080029,-3.62312714603443,4.17167208720174
"ests",4.6280655359057,1.90417026442076,-3.53499393228926,4.06235659914938
"ests",4.58174124308699,1.93525417383371,-3.57014557469433,4.12369601298998
"ests",4.70113812062752,1.92845640753769,-3.62669415423666,4.19882031866107
"ests",4.63283036566767,1.94420660561399,-3.54522643557826,4.06874680841189
"ests",4.71944327363149,1.92947986776893,-3.60147658867818,4.17224653737724
"ests",4.64956225074503,1.93114375183011,-3.60549136134765,4.15209760865388
"ests",4.67337778383192,1.93888265664551,-3.59085069731415,4.12034386718845
"ests",4.70858218863939,1.95467309442742,-3.60542669367545,4.17406238769264
"ests",4.65043828942891,1.94889942153586,-3.60249333683425,4.16377313614899
"ests",4.72272233169433,1.93029398859672,-3.59269383219035,4.15117491514912
"ests",4.57410695362775,1.8879277328971,-3.59205669354591,4.13701673531176
"ests",4.77431001343516,1.95906642843349,-3.64703271021413,4.23040935702838
"ests",4.5936832431847,1.94002699420675,-3.58111308240043,4.12776016953989
"ests",4.65467749084479,1.9488513649039,-3.5612672190335,4.10483081797556
"ests",4.61344337559914,1.91667015163912,-3.53027698600985,4.05842090712795
"ests",4.56658077263671,1.90474228810025,-3.58176679051643,4.13522683170803
"ests",4.63020980618017,1.89133579579889,-3.58820624345419,4.15229070812461
"ests",4.72446764515166,1.96639859217932,-3.62760500296139,4.20538406232022
"ests",4.60992835973159,1.90235108445375,-3.57200931864487,4.11495876279569
"ests",4.71222924272476,1.94542527880193,-3.60929360530362,4.1986078446068
"ests",4.66919648454524,1.9325070549447,-3.58058940459467,4.12501288711118
"ests",4.68857452609359,1.91365150745439,-3.60770620950022,4.17415957838147
"ests",4.51469989845913,1.94720959977588,-3.50349067675024,4.00557796418302
"ests",4.57331209359717,1.88561448351211,-3.57064805340643,4.11598116262829
"ests",4.59953637075673,1.92843442362388,-3.54498685136862,4.05969134431541
"ests",4.71399499124724,1.95959910526591,-3.63314575721737,4.20571735841069
"ests",4.74203397266067,1.95706899893023,-3.64969801653635,4.21065774572531
"ests",4.71297775452705,1.92223816388151,-3.63067004281743,4.21285894464198
"ests",4.70545295209163,1.94483128163789,-3.64379345773917,4.18533506660986
"ests",4.67970882932749,1.93548744039133,-3.6587364600148,4.2508440615338
"ests",4.72252146436468,1.96159565920492,-3.62148477917692,4.18280720065655
"ests",4.57952250775416,1.95753176394928,-3.61262760983316,4.16736522991115
"ests",4.73653967271471,1.89821229490838,-3.59550686827188,4.13860434946287
"ests",4.59425670920366,1.94468708237163,-3.59052964364169,4.13702331600301
"ests",4.63774001326425,1.95626959303238,-3.59881710613024,4.15075703161958
"ests",4.66622916266242,1.90723992893741,-3.60668125102754,4.17146657199595
"ests",4.59611204492625,1.89793465358467,-3.54071999863079,4.02978862884977
"ests",4.62186386185349,1.89539109398454,-3.60070443362155,4.15156677248901
"ests",4.54853362447963,1.91712159688036,-3.53107489933048,4.05273424046014
"ests",4.55808406627433,1.90514270308086,-3.53772796280609,4.06693115928242
"ests",4.62521927271916,1.91342986121067,-3.58172468548146,4.11655485923195
"ests",4.63681329801507,1.98753420714561,-3.6160175130036,4.19557751459333
"ests",4.75163484246777,1.91201038197387,-3.60763555940202,4.17098588198342
"ests",4.68631196538643,1.91831114615143,-3.57397946170841,4.12936810984725
"ests",4.56376776615127,1.89479261131229,-3.55415633143586,4.10507109124655
"ests",4.8062399713757,1.98458657175385,-3.60300304882894,4.17259421704983
"ests",4.59429891580227,1.93082470852865,-3.58371855152574,4.13547989802309
"ests",4.7771377565136,1.98692312440338,-3.66942426992885,4.25215115362731
"ests",4.74479843474787,1.91890065508427,-3.66407525331349,4.26488540048904
"ests",4.57750337733606,1.88829213274217,-3.57488087393634,4.10280296422708
"ests",4.63203100028289,1.89696064109018,-3.59721102892056,4.14445833142682
"ests",4.64083159958928,1.91553713261833,-3.59327316875866,4.10807494751807
"ests",4.58344187306554,1.88465487274612,-3.49503960006562,4.00042065726504
"ests",4.63168918716557,1.9112423382753,-3.580182204324,4.11647286287134
"ests",4.60335588270623,1.90040995094195,-3.52007294798092,4.06608419741804
"ests",4.6899028338354,1.9255555221911,-3.62087372721829,4.18705331655137
"ests",4.62069194737621,1.95842950783744,-3.57747838503432,4.11516517342002
"ests",4.68164624934866,1.9158987015204,-3.60697185682559,4.15684875265543
"ests",4.61112161259147,1.92163404115198,-3.58234444057068,4.1515032109585
"ests",4.62021331309655,1.9634274724139,-3.60768417081542,4.16463494492795
"ests",4.58962545510783,1.87911492810126,-3.52438228187891,4.04734790873309
"ests",4.67127370882318,1.95725645525029,-3.64239768957232,4.21368590788668
"ests",4.67002828997198,1.93389105859815,-3.57674583204856,4.13430773191375
"ests",4.67717035446165,1.93053232365154,-3.57332556451135,4.14739116288032
"ests",4.65887209416158,1.95826305793402,-3.62108872793605,4.19478554113094
"ests",4.60770379314282,1.93153230145837,-3.62082107059912,4.17329561134911
"ests",4.62394398516545,1.94506484701752,-3.58587109965191,4.12415100723211
"ests",4.7485452210239,1.96416934104626,-3.63280478555369,4.18323307343977
"ests",4.65707192454283,1.90508837786773,-3.59448573811367,4.18055879036829
"ests",4.75775539957621,1.93909102535047,-3.61098670424214,4.16138178689055
"ests",4.60216962318243,1.91703711163677,-3.55951772446746,4.08639164231869
"ests",4.63037433698604,1.91780564103487,-3.57659612232775,4.10498878608318
"ests",4.74263178808358,1.95131956494993,-3.60970788005371,4.18001451229126
"ests",4.65772497496609,1.90610051867216,-3.58801631448709,4.15435592300474
"ests",4.66150986371307,1.95840389987352,-3.59785955390722,4.17341033887521
"ests",4.64687651704086,1.91892835323125,-3.60330195634747,4.14994904795844
"ests",4.76272172936805,1.94493949272236,-3.67863990607761,4.27125504947117
"ests",4.79606821095532,1.94305119008985,-3.66926563442534,4.28714947654062
"ests",4.61675186901443,1.89087293096283,-3.55436234484687,4.08402236712572
"ests",4.57835846739405,1.91761130258981,-3.60436688544534,4.12728331589488
"ests",4.63652608010951,1.89969289833488,-3.58071859932085,4.13283876604394
"ests",4.65476577672889,1.90811311915593,-3.54599322962645,4.05380363876085
"ests",4.61601061857708,1.92145887414559,-3.56787370574341,4.10109230001016
"ests",4.69320681170884,1.94635359595265,-3.60620217571555,4.17015813835784
"ests",4.57343199918113,1.93798892643412,-3.5855759977321,4.12146498024378
"ests",4.62514875651719,1.93046516889739,-3.58100341872464,4.13184554401892
"ests",4.64055961754783,1.91661670204539,-3.57310816005479,4.11979924981543
"ests",4.70388228616104,1.94769305065964,-3.5851515352176,4.14345730884229
"ests",4.64558205212503,1.92374141804347,-3.61074746803784,4.17384450499886
"ests",4.5875580376571,1.91475651566315,-3.61822032359283,4.20272877856419
"ests",4.58344911659697,1.94551945389962,-3.55838048107173,4.09133211803874
"ests",4.56633358084901,1.93265026853097,-3.56673346977911,4.09161987157414
"ests",4.62836721752417,1.92593514187745,-3.60146097815509,4.14508653320891
"ests",4.59178873146149,1.92437858607536,-3.55849058063409,4.10072474580387
"ests",4.76220081764998,1.91389486456947,-3.60913088968822,4.19660559726605
"ests",4.64582192116871,1.90298549237394,-3.59930946195193,4.14595243129831
"ests",4.72705673526143,1.93778606018016,-3.61624354347173,4.20910916547981
"ests",4.58726580959035,1.94443570535475,-3.59203890277403,4.14206613737261
"ests",4.60624594012013,1.92369100101867,-3.57455334986151,4.1234897870668
"ests",4.58518436009985,1.89372667503346,-3.57008150014344,4.11250969214311
"ests",4.69795275158934,1.91482224961481,-3.58466183678064,4.13824952917463
"ests",4.52321343132372,1.92369190354564,-3.56255031645449,4.10458585283013
"ests",4.54449475306714,1.9505096958839,-3.62981043600322,4.20452397132957
"ests",4.68261859009295,1.91881895702879,-3.60397450377681,4.15236367733435
"ests",4.68164211068476,1.94928626138138,-3.54867919426211,4.08369521175506
"ests",4.68718673728753,1.94413212947049,-3.60470056705444,4.16275374680138
"ests",4.68170621826076,1.94917589468206,-3.58901753624071,4.11358412563284
"ests",4.77569826628208,1.94445102181923,-3.65690014245078,4.22344725547411
"ests",4.62667078817026,1.91104950808026,-3.57546780745621,4.10347066840817
"ests",4.6875497054935,1.98211713179574,-3.62400168247209,4.19466169107981
"ests",4.6522050723284,1.86286331587346,-3.59438345892632,4.18885217768044
"ests",4.63781492502063,1.93235974580428,-3.61358340505356,4.16931610125003
"ests",4.65896129407197,1.91942909149573,-3.56964351544418,4.1342024197232
"ests",4.66091001404752,1.96183290040023,-3.63610440081503,4.20329760143238
"ests",4.58021202299963,1.94502633871006,-3.62022320277799,4.17157538677262
"ests",4.69726759824808,1.93446098800978,-3.66179389488607,4.2378664548801
"ests",4.62745789099716,1.90287333377265,-3.56675769087223,4.11605827858863
"ests",4.63333206319139,1.92770025964158,-3.59788188865763,4.138618645045
"ests",4.69327727595164,1.90014509205888,-3.59670934963671,4.14582778733803
"ests",4.57754597964542,1.94930510489249,-3.57346278662682,4.09534054495235
"ests",4.74748368292629,1.96005079780135,-3.63789882990741,4.22107935127605
"ests",4.62607422480129,1.93877967116283,-3.5550386215935,4.09260212557273
"ests",4.6816159858039,1.94406168469276,-3.61797254234716,4.17883653318392
"ests",4.55232087821624,1.89818400968433,-3.50517403128435,3.99603195544318
"ests",4.79912957231229,1.96315264142358,-3.62932943760986,4.20809035044447
"ests",4.69049689412343,1.92430873756279,-3.61176226378944,4.15935066571623
"ests",4.69808060367866,1.91415875274041,-3.57258931319885,4.11149002524873
"ests",4.63952778616526,1.93721593840338,-3.59614234056115,4.14831363873742
"ests",4.64568184274347,1.90637176969768,-3.58844771381704,4.14269655058465
"ests",4.63264427904877,1.96257546715108,-3.58332500621151,4.1449181871165
"ests",4.59761130027388,1.86148000471724,-3.53253825040261,4.03603157012247
"ests",4.58901904764554,1.89811239366165,-3.55278913916778,4.07631981733671
"ests",4.63478079987424,1.90799677764532,-3.56493220335813,4.12618171472716
"ests",4.61671908775872,1.91859283796025,-3.53240035321417,4.06783515751877
"ests",4.58270181021829,1.92253720254608,-3.59312591726967,4.13653994337429
"ests",4.59092969550367,1.89915290335253,-3.55754862335676,4.08940296145907
"ests",4.56515943821377,1.93190290324244,-3.61026274337596,4.17890459058801
"ests",4.6747266996958,1.90010590536648,-3.61016197497018,4.16514875803688
"ests",4.54292561762348,1.90895897174912,-3.54726768408351,4.0842021253498
"ests",4.67023214855403,1.8847407446711,-3.59154532426008,4.14163764968413
"ests",4.69348044207011,1.96020849761713,-3.6474351958808,4.22647349179088
"ests",4.58442028823337,1.90136087988801,-3.54404131199959,4.08512196415125
"ests",4.69627191542928,1.91451624261499,-3.6127264732011,4.17188486175334
"ests",4.62366194923506,1.94285087570008,-3.57180508907515,4.10678963359418
"ests",4.71998989080555,1.89939940002504,-3.62727961625354,4.19486274924762
"ests",4.60105457354321,1.88887188349963,-3.53069756223311,4.06883228411565
"ests",4.74829423247078,1.90730195650885,-3.61878965192087,4.1792519744509
"ests",4.59566790742087,1.94728406514063,-3.59551641868433,4.14487745700967
"ests",4.66086026659409,1.94875037683881,-3.64691851223084,4.23229099362809
"ests",4.80764069256322,1.93599513567772,-3.62823331541264,4.20042537934169
"ests",4.6202292909507,1.92289006934489,-3.58919125633632,4.12334162578741
"ests",4.69772543817538,1.91975293907094,-3.57288178601614,4.1151923385288
"ests",4.54527161608955,1.92733558778038,-3.54235229330729,4.06563659807594
"ests",4.72992943185338,1.97751101484232,-3.64726123815343,4.22386048684452
"ests",4.6895435424866,1.95885464674561,-3.61454822056197,4.18388486048011
"ests",4.62105503435405,1.93740707965262,-3.60009548777872,4.13221427856337
"ests",4.6424390700615,1.93245233672527,-3.54826623457616,4.07575198834942
"ests",4.69482246183562,1.96485279642201,-3.61508749668924,4.19022105608152
"ests",4.6692413739515,1.97589974608581,-3.65296646167283,4.22545098557148
"ests",4.60353276852683,1.94127513196212,-3.59983445504285,4.16624522700436
"ests",4.72818140081927,1.94037371329286,-3.60075715680226,4.14317993959475
"ests",4.64095875094086,1.94167551629875,-3.62143707956862,4.18864057530673
"ests",4.75073696547328,1.90952391407326,-3.61126227586781,4.17013684131454
"ests",4.73638666467693,1.9436400385983,-3.63296872517104,4.19240365641933
"ests",4.66502422288758,1.97121765579218,-3.64202582756367,4.21813454794733
"ests",4.56839234247673,1.92463990181839,-3.57946507602428,4.11558327251866
"ests",4.65161759050153,1.91974860578922,-3.58409539440467,4.14147977414389
"ests",4.69193336812546,1.94555320379845,-3.59081712579089,4.14234223197138
"ests",4.73535642130958,1.93437881158691,-3.64839824070856,4.23198106487404
"ests",4.78839744705178,1.94560251792302,-3.65184157529873,4.24031164020414
"ests",4.73934720237923,1.9626942586645,-3.64127984431863,4.21804403883466
"ests",4.6445390465613,1.95886599661588,-3.59783908527828,4.172922411347
"ests",4.70375605364328,1.92361001691356,-3.58334490369052,4.12886021492418
"ests",4.66915162117785,1.94402761015888,-3.61606239493764,4.17831969754839
"ests",4.60342234015281,1.88140080180847,-3.51005036692025,4.04626502093857
"ests",4.71019249756581,1.9341180498718,-3.58798794275156,4.12198428136622
"ests",4.65407840567955,1.90539210293023,-3.57962092388183,4.11367308136782
"ests",4.8003579212649,1.9488402569396,-3.62951932023195,4.21885307811783
"ests",4.689079784443,1.94548882394583,-3.57259895852268,4.13583678509876
"ests",4.62091871216959,1.85019741831686,-3.53925117922132,4.08459160306034
"ests",4.68867832380892,1.93920700193197,-3.61235629810412,4.17431242028851
"ests",4.72594634200481,1.96591725694173,-3.61941370278209,4.22623654098747
"ests",4.7034226866992,1.92079268098332,-3.62234401291586,4.18619402962554
"ests",4.5965218391643,1.89735630154164,-3.55779950559874,4.09967917832792
"ests",4.64028531254181,1.9546744639133,-3.57482199409448,4.09381081910742
"ests",4.66967376345359,1.95887137772814,-3.62502316065173,4.19185194763545
"ests",4.6284894624762,1.94563151453173,-3.60839186071277,4.16548271938677
"ests",4.76803378075415,1.93876198465543,-3.65489361808247,4.24663442573849
"ests",4.7387509212299,1.92158312793492,-3.57798894837753,4.1374479805191
"ests",4.69686722426152,2.00200149492674,-3.62783938084211,4.22128236520224
"ests",4.62956407344716,1.88651361103349,-3.5766885728324,4.10439634931759
"ests",4.62015947902088,1.92305198948628,-3.56229446698063,4.08911531446789
"ests",4.71949141784369,1.92505951325755,-3.5734920691115,4.10820710748001
"ests",4.61137145097647,1.94441299675621,-3.62123199392885,4.1707953614182
"ests",4.61764261151736,1.92723030340559,-3.59966351177321,4.12986930220019
"ests",4.64279403491857,1.91433956810611,-3.57856427613904,4.14061337285678
"ests",4.62747152229686,1.903185454704,-3.57357617699337,4.10084897549413
"ests",4.67343452429578,1.91796611289211,-3.56274496586856,4.09776533468462
"ests",4.63615451742088,1.92437795637364,-3.56824531928184,4.11325425631845
"ests",4.60928769349193,1.90246430476028,-3.5766258005769,4.13356982024383
"ests",4.62840660444829,1.90851478550448,-3.57575710696451,4.11786838017877
"ests",4.65736375311548,1.89270069328959,-3.55648298797586,4.09041887207214
"ests",4.54147136145044,1.95910136225377,-3.5397742390221,4.06721903565757
"ests",4.73376589168199,1.88469298062692,-3.6095480413509,4.18947840011122
"ests",4.57902801730103,1.89734887583255,-3.55639493727268,4.06715402901177
"ests",4.53258575721332,1.95129805117072,-3.59966460120628,4.12665828675383
"ests",4.75047634571188,1.95244271616513,-3.61552590607264,4.19219668579315
"ests",4.70076359207609,1.9763553687597,-3.63430611333662,4.19725857362351
"ests",4.56200300425479,1.87593407092098,-3.52696431710881,4.03255729000871
"ests",4.76305967219726,1.93371217111247,-3.59092324098074,4.13757114980256
"ests",4.63049490003953,1.93561138766938,-3.57690709881155,4.12422773438186
"ests",4.60528098784106,1.93016685831747,-3.59972361457894,4.13950521368686
"ests",4.68628250770184,1.96103701153629,-3.6387741926754,4.20433495737245
"ests",4.70159085666702,1.919308642487,-3.62197200361953,4.18002561404313
"ests",4.60474373522061,1.95492712799721,-3.58966560741973,4.12567081303007
"ests",4.55752484658608,1.89445117804368,-3.56733925692783,4.08647163763769
"ests",4.67772984684995,1.96246990783246,-3.59375076693314,4.17032573283298
"ests",4.60636018098933,1.91512430614715,-3.59387102409306,4.13531283442492
"ests",4.59292781707286,1.88065977697665,-3.59286824214581,4.12748843497593
"ests",4.63791601834615,1.93498034149599,-3.55597318528252,4.08706798062836
"ests",4.63157102031687,1.90539121414737,-3.5850059890345,4.09971796519004
"ests",4.54333706836339,1.90109534502214,-3.52525374609849,4.04347531704817
"ests",4.69877874835783,1.93944563214226,-3.59122614650946,4.14178684181436
"ests",4.53251927218469,1.94281748385954,-3.53124619156095,4.05012030887272
"ests",4.70179203203427,1.97917820696824,-3.6504384011778,4.26225018459841
"ests",4.64411522297859,1.98814842338796,-3.5929700970987,4.13156900787123
"ests",4.62675491997313,1.90819717645589,-3.58174286110674,4.11351516007402
"ests",4.66659319913933,1.94007695788719,-3.59752586232051,4.14261843325916
"ests",4.68514283233202,1.93650784140787,-3.63251270917992,4.18507499036493
"ests",4.60521580780121,1.91782036601742,-3.57421786171741,4.106209888483
"ests",4.65721199876249,1.86757793947355,-3.56951180971977,4.09885138256219
"ests",4.72596848897165,1.97046776148952,-3.61512050756175,4.17236673243116
"ests",4.62282170570971,1.9386490272755,-3.59266997607237,4.12461552202405
"ests",4.77617266733441,1.94450941061012,-3.64084980144758,4.21604033940659
"ests",4.736819055608,1.91116518414111,-3.61619510712989,4.17319119945669
"ests",4.72137282976396,1.91654366277464,-3.59066931761424,4.14256043053304
"ests",4.70656019017116,1.95064240107388,-3.60932224283761,4.17416214836131
"ests",4.6867569907069,1.92599944472805,-3.60365468993329,4.1586077029234
"ests",4.63671333856295,1.91276889383212,-3.6358659925642,4.19500195703091
"ests",4.69310601109043,1.94108210375441,-3.61280082355949,4.16181626873752
"ests",4.61974624877066,1.92496915406335,-3.57155822506972,4.12759632895806
"ests",4.68879341700363,1.92574442718404,-3.61084457376665,4.18645122479353
"ests",4.64758384390196,1.93223120864698,-3.60074855126077,4.15097136766693
"ests",4.64932296449779,1.91098573014247,-3.59748077382128,4.14817275559986
"ests",4.6015014317239,1.90656023078689,-3.62513391655915,4.19432761076824
"ests",4.65005451258738,1.94742075805274,-3.63606875952285,4.21989788423422
"ests",4.65052958276519,1.9052620403643,-3.56795353023783,4.09677100490397
"ests",4.69412135548195,1.92822275161861,-3.63847559799907,4.17413318410959
"ests",4.66104454188848,1.91390483610908,-3.58440549889197,4.1430790189179
"ests",4.75460686390184,1.93465152269181,-3.56744316756977,4.10043206698294
"ests",4.63015001269838,1.93131641572815,-3.56014897279557,4.10631797887558
"ests",4.64860111624419,1.87581568107177,-3.56743089410038,4.09954756895825
"ests",4.6703841642204,1.94613788032728,-3.57253051966515,4.11311611986757
"ests",4.56067241006384,1.89441689796354,-3.56305699626907,4.09377959639159
"ests",4.6691721433402,1.9244755545812,-3.5972205630106,4.15059725378878
"ests",4.70301933744389,1.95694766991528,-3.61086092943971,4.16778612657942
"ests",4.61400199839742,1.91165390452749,-3.61377644480664,4.16484526150716
